compound_name,synonyms,species,strain,dosage,avg_lifespan_change,max_lifespan_change,gender,significance,pubmed_id,
Calcium gluconate,,Drosophila melanogaster,Oregon R,0.001 M,-3.7,,Male,,110607,
Calcium gluconate,,Drosophila melanogaster,Oregon R,0.01 M,-13.2,,Male,,110607,
Calcium lactate,,Drosophila melanogaster,Oregon R,0.01 M,-10.7,,Male,,110607,
Calcium gluconate,,Drosophila melanogaster,Oregon R,0.1 M,-56.6,,Male,,110607,
Calcium lactate,,Drosophila melanogaster,Oregon R,0.001 M,1.8,,Male,,110607,
Gluconic acid,,Drosophila melanogaster,Oregon R,1 M,-9.3,,Male,,110607,
Gluconic acid,,Drosophila melanogaster,Oregon R,0.1 M,-5.2,,Male,,110607,
Calcium lactate,,Drosophila melanogaster,Oregon R,0.1 M,-66.1,,Male,,110607,
Gluconic acid,,Drosophila melanogaster,Oregon R,0.01 M,0,,Male,,110607,
Gluconic acid,,Drosophila melanogaster,Oregon R,0.001 M,0,,Male,,110607,
Gluconic acid,,Drosophila melanogaster,Oregon R,0.001 M,-1.8,,Male,,110607,
Gluconic acid,,Drosophila melanogaster,Oregon R,0.5M 2x/week,0,,Male,,110607,
Gluconic acid,,Drosophila melanogaster,Oregon R,0.25M 2x/week,3.8,,Male,,110607,
Gluconic acid,,Drosophila melanogaster,Oregon R,0.01M 2x/week,3.8,,Male,,110607,
Gluconic acid,,Drosophila melanogaster,Oregon R,0.01 M,5.3,,Male,,110607,
Gluconic acid,,Drosophila melanogaster,Oregon R,0.5 M,9.3,,Male,,110607,
Gluconic acid,,Drosophila melanogaster,Oregon R,0.1 M,12.3,,Male,,110607,
Gluconic acid,,Drosophila melanogaster,Oregon R,0.1 M,14.3,,Male,,110607,
Gluconic acid,,Drosophila melanogaster,Oregon R,0.1 M,20.8,,Male,,110607,
Lactic acid,,Drosophila melanogaster,Oregon R,1M,-32.7,,Male,,110607,
Gluconic acid,,Drosophila melanogaster,Oregon R,0.25 M,22.2,,Male,,110607,
Lactic acid,,Drosophila melanogaster,Oregon R,0.5M,-1.9,,Male,,110607,
Gluconic acid,,Drosophila melanogaster,Oregon R,0.01 M,7.2,,Male,,110607,
Lactic acid,,Drosophila melanogaster,Oregon R,0.001M,3.6,,Male,,110607,
Lactic acid,,Drosophila melanogaster,Oregon R,0.01M,3.6,,Male,,110607,
Lactic acid,,Drosophila melanogaster,Oregon R,0.001M,8,,Male,,110607,
Lactic acid,,Drosophila melanogaster,Oregon R,0.1M,14,,Male,,110607,
Lactic acid,,Drosophila melanogaster,Oregon R,0.01M,12,,Male,,110607,
Lactic acid,,Drosophila melanogaster,Oregon R,0.1M,15.5,,Male,,110607,
Tartaric acid,,Drosophila melanogaster,Oregon R,0.1M,-72,,Male,,110607,
Tartaric acid,,Drosophila melanogaster,Oregon R,0.001M,0,,Male,,110607,
Tartaric acid,,Drosophila melanogaster,Oregon R,0.01M,6,,Male,,110607,
Lactic acid,,Drosophila melanogaster,Oregon R,0.25M,15.4,,Male,,110607,
Diiodomethane,Methylene iodide,Drosophila melanogaster,,10 µg/ml,29.3,,,,412727,
Polypeptide Pineal extract,PPE,Rattus norvegicus,,"0.5 mg, 5 times a week",25,,Female,,575333,
Citrate,Sodium citrate; Citric acid,Mytilina brevispina,,0.25% on alternate days,51.7,,,,804507,
Butylated hydroxytoluene,,Mus musculus,BaLB/c,,15.8,,Female,,448040,
Edetate Calcium Disodium,ethylene diamine tetra-acetic acid (di-sodium salt); EDTA,Mytilina brevispina,,0.25% on alternate days,49.4,,,,804507,
Butylated hydroxytoluene,,Mus musculus,BaLB/c,,18.7,,Male,,448040,
EGTA,"1,2-di(2 aminoethoxy)ethane tetra-acetic acid",Mytilina brevispina,,0.25% on alternate days,75.9,,,,804507,
Tartrate,Sodium tartrate,Mytilina brevispina,,0.25% on alternate days,43.7,,,,804507,
L-deprenyl,,Rattus norvegicus,Fischer 344,0.0025,16.7,17,,,2118586,
Cortisone,,Asplanchna brightwelli,clone 4B61,400 µM,-3.2,0,,NS,2782995,
Cortisone,,Asplanchna brightwelli,clone 4B61,800 µM,-6.3,0,,NS,2782995,
Cortisone,,Asplanchna brightwelli,clone 4B61,50 µM,2.2,0,,NS,2782995,
Cortisone,,Asplanchna brightwelli,clone 4B61,100 µM,20.8,0,,,2782995,
Cortisone,,Asplanchna brightwelli,clone 4B61,10 µM,0.7,0,,NS,2782995,
Cortisone,,Asplanchna brightwelli,clone 4B61,200 µM,19.3,0,,,2782995,
Ascorbic Acid,Vitamin C,Caenorhabditis elegans,N2,80 µg/ml,0,,,,3374177,
Vitamin E,"D,1-alpha-tocopherol",Caenorhabditis elegans,N2,400 µg/ml,4,,,,3374177,
Vitamin E,"D,1-alpha-tocopherol",Caenorhabditis elegans,N2,100 µg/ml,9,,,,3374177,
Vitamin E,"D,1-alpha-tocopherol",Caenorhabditis elegans,N2,200 µg/ml,17,,,,3374177,
Vitamin E,"D,1-alpha-tocopherol",Caenorhabditis elegans,N2,200 µg/ml,17,,,,3374177,
Vitamin E,"D,1-alpha-tocopherol",Caenorhabditis elegans,N2,200 µg/ml,22,,,,3374177,
Vitamin E,"D,1-alpha-tocopherol",Caenorhabditis elegans,N2,200 µg/ml,23,,,,3374177,
Sodium hypophosphite,,Zaprionus paravittiger,,1 mM,-89.8,-94.9,Female,,3721207,
Sodium hypophosphite,,Zaprionus paravittiger,,500 mM,-85.3,-78.6,Male,,3721207,
Sodium hypophosphite,,Zaprionus paravittiger,,500 mM,-84.1,-78.1,Female,,3721207,
Sodium hypophosphite,,Zaprionus paravittiger,,100 mM,-58.8,-54.8,Male,,3721207,
Sodium hypophosphite,,Zaprionus paravittiger,,60 mM,-24.4,-11.2,Female,,3721207,
Sodium hypophosphite,,Zaprionus paravittiger,,1 mM,-88.5,-91.4,Male,,3721207,
Sodium hypophosphite,,Zaprionus paravittiger,,10 mM,-8.3,-1.7,Female,,3721207,
Sodium hypophosphite,,Zaprionus paravittiger,,10 mM,-4.1,-1.4,Male,NS,3721207,
Sodium hypophosphite,,Zaprionus paravittiger,,60 mM,-24.2,-8.1,Male,,3721207,
Sodium hypophosphite,,Zaprionus paravittiger,,1 µM,1,6,Female,,3721207,
Sodium hypophosphite,,Zaprionus paravittiger,,100 mM,-46.9,-47.2,Female,,3721207,
Sodium hypophosphite,,Zaprionus paravittiger,,10 µM,13,13.3,Female,,3721207,
Sodium hypophosphite,,Zaprionus paravittiger,,1 µM,5.3,5.7,Male,,3721207,
Sodium hypophosphite,,Zaprionus paravittiger,,10 µM,13.2,12.4,Male,,3721207,
Sodium hypophosphite,,Zaprionus paravittiger,,100 µM,18,21,Female,,3721207,
Sodium hypophosphite,,Zaprionus paravittiger,,5 mM,23.6,21.9,Male,,3721207,
Sodium hypophosphite,,Zaprionus paravittiger,,5 mM,25.4,19.7,Female,,3721207,
Sodium hypophosphite,,Zaprionus paravittiger,,1 mM,28.1,27,Female,,3721207,
Sodium hypophosphite,,Zaprionus paravittiger,,1 mM,28.5,34.3,Male,,3721207,
Sodium hypophosphite,,Zaprionus paravittiger,,100 µM,24.9,22.9,Male,,3721207,
Nordihydroguaiaretic acid,NDGA,Aedes aegypti,,0.001% (w/v),42.7,,Female,,3749035,
Nordihydroguaiaretic acid,NDGA,Aedes aegypti,,0.005% (w/v),6.7,,Female,NS,3749035,
Nordihydroguaiaretic acid,NDGA,Aedes aegypti,,0.01% (w/v),13.6,,Female,NS,3749035,
Nordihydroguaiaretic acid,NDGA,Aedes aegypti,,0.005% (w/v),64.3,,Male,,3749035,
Curare,,Asplanchna brightwelli,,0.00%,-24,,,,3833547,
Curare,,Asplanchna brightwelli,,0.00%,26,,,,3833547,
Nordihydroguaiaretic acid,NDGA,Aedes aegypti,,0.001% (w/v),11.9,,Male,NS,3749035,
Curare,,Asplanchna brightwelli,,0.00%,32,,,,3833547,
Curare,,Asplanchna brightwelli,,0.00%,34,,,,3833547,
Ethoxyquin,,Mus musculus,C3H,0.5% w/w,18.1,,Male,,4927196,
Vitamin E,,Asplanchna brightwelli,,25µg / mL,21,,,,6479253,
Ethoxyquin,,Mus musculus,C3H,0.5% w/w,19.9,,Female,,4927196,
Thyroxin,T4,Rattus norvegicus,Wistar,0.5 µg/g bodyweight,-3.5,,Female,,6632988,
Thyroxin,T4,Rattus norvegicus,Wistar,0.5 µg/g bodyweight,6.9,,Male,,6632988,
Thyroxin,T4,Rattus norvegicus,Wistar,1 µg/g bodyweight,8.4,,Female,,6632988,
Thyroxin,T4,Rattus norvegicus,Wistar,2 µg/g bodyweight,11.1,,Male,,6632988,
Thyroxin,T4,Rattus norvegicus,Wistar,2 µg/g bodyweight,11.6,,Female,,6632988,
Thyroxin,T4,Rattus norvegicus,Wistar,1 µg/g bodyweight,16.1,,Male,,6632988,
Butylated hydroxytoluene,BHT,Drosophila bipectinata,,10 µM,4.3,,Female,,6656301,
Butylated hydroxytoluene,BHT,Drosophila bipectinata,,100 µM,13,,Female,,6656301,
Butylated hydroxytoluene,BHT,Drosophila bipectinata,,10 µM,4.8,,Male,,6656301,
Butylated hydroxytoluene,BHT,Drosophila bipectinata,,100 µM,14.3,,Male,,6656301,
Butylated hydroxytoluene,BHT,Drosophila bipectinata,,1000 µM,26.1,,Female,,6656301,
Polypeptide Bovine Thymus extract,,Mus musculus,C3H/Sn,0.5 mg,28,11.2,Female,,6752596,
Polypeptide Pineal extract,PPE,Mus musculus,C3H/Sn,0.5 mg,31,14,Female,,6752596,
Thiazolidine carboxylic acid,TCA,Drosophila melanogaster,Oregon R,0.3% wt/vol,31,,,,6821144,
Vitamin E,Alpha-tocopherol,Philodina,,concentration of 10^ -4   ,9.2,0,,,7428854,
Kinetin,,Zaprionus paravittiger,,3125 ppm,-71,-47.1,Male,,7488181,
Butylated hydroxytoluene,BHT,Drosophila bipectinata,,1000 µM,19,,Male,,6656301,
Kinetin,,Zaprionus paravittiger,,625 ppm,-20,0,Male,,7488181,
Kinetin,,Zaprionus paravittiger,,3125 ppm,-65.7,-55.2,Female,,7488181,
Vitamin E,,Drosophila melanogaster,Oregon R,0.4% wt/vol,14,,,,6821144,
Kinetin,,Zaprionus paravittiger,,125 ppm,-2.9,17.1,Male,,7488181,
Kinetin,,Zaprionus paravittiger,,625 ppm,-2.9,-13.2,Female,,7488181,
Kinetin,,Zaprionus paravittiger,,125 ppm,22.9,15.8,Female,,7488181,
Kinetin,,Zaprionus paravittiger,,25 ppm,14.2,12.9,Male,,7488181,
Sodium borate,,Drosophila melanogaster,Oregon R,0.01 M,-69.2,,Male,,7889879,
Kinetin,,Zaprionus paravittiger,,25 ppm,80,19.7,Female,,7488181,
Sodium borate,,Drosophila melanogaster,Oregon R,0.05 M,-51.9,,Male,,7889879,
Sodium borate,,Drosophila melanogaster,Oregon R,1 µM,0,,Male,NS,7889879,
Sodium borate,,Drosophila melanogaster,Oregon R,0.01 mM,1.5,,Male,,7889879,
Sodium borate,,Drosophila melanogaster,Oregon R,0.1 mM,3,,Male,,7889879,
Sodium borate,,Drosophila melanogaster,Oregon R,0.25 mM,9.5,,Male,,7889879,
Sodium borate,,Drosophila melanogaster,Oregon R,1 mM,-21.2,,Male,,7889879,
Sodium borate,,Mus musculus,C57BL/6J,0.5mM,0.8,,Male,NS,7889879,
L-deprenyl,Selegiline,Rattus norvegicus,F344/DuCrj,0.5 mg/kg. 3 times a week,5.6,1,Male,,8030852,
Black tea extract,,Drosophila melanogaster,Oregon R,Instead of water,20.2,,Male,,8326745,
Melatonin,,Mus musculus,BALB/c,NA,18.1,,Female,,8290600,
Caffeine,,Drosophila melanogaster,Oregon R,0.01 mg/ml,-10.1,,Male,NS,8326745,
Caffeine,,Drosophila melanogaster,Oregon R,1 mg/ml,-3.3,,Male,NS,8326745,
Sodium borate,,Mus musculus,C57BL/6J,0.1 mM,-2.9,,Male,NS,7889879,
Catechin,,Drosophila melanogaster,Oregon R,0.1 mg/ml,-8.5,,Male,NS,8326745,
Caffeine,,Drosophila melanogaster,Oregon R,0.1 mg/ml,1.7,,Male,NS,8326745,
Catechin,,Drosophila melanogaster,Oregon R,1 mg/ml,-5.1,,Male,NS,8326745,
Epicatechin,,Drosophila melanogaster,Oregon R,0.01 mg/ml,1.8,,Male,NS,8326745,
Catechin,,Drosophila melanogaster,Oregon R,0.01 mg/ml,-5.1,,Male,NS,8326745,
Epicatechin,,Drosophila melanogaster,Oregon R,0.1 mg/ml,3.7,,Male,NS,8326745,
Epicatechin,,Drosophila melanogaster,Oregon R,1 mg/ml,7.4,,Male,NS,8326745,
Tannic acid,,Drosophila melanogaster,Oregon R,1 mg/ml,0,,Male,NS,8326745,
Green tea extract,,Drosophila melanogaster,Oregon R,Instead of water,8.6,,Male,,8326745,
Tannic acid,,Drosophila melanogaster,Oregon R,0.1 mg/ml,0,,Male,NS,8326745,
Tannic acid,,Drosophila melanogaster,Oregon R,1 mg/ml,-2.9,,Male,NS,8326745,
Tea (Camellia sinensis) extract,,Drosophila melanogaster,Oregon R,Instead of water,15.7,,Male,,8326745,
Tea (Camellia sinensis) extract,,Drosophila melanogaster,Oregon R,1:10 dilution,7,,Male,,8326745,
Tea (Camellia sinensis) extract,,Drosophila melanogaster,Oregon R,Instead of water,20.2,,Male,,8326745,
L-deprenyl,Selegiline,Rattus norvegicus,F344/DuCrj,0.5 mg/kg. 3 times a week,15.1,,Male,,8423709,
L-deprenyl,Selegiline,Mus musculus,B6CBAF1,0.25 mg/kg 3x/week,7,7.5,Male,NS,8914495,
L-deprenyl,Selegiline,Mus musculus,B6CBAF1,0.25 mg/kg 3x/week,3.9,31.2,Female,NS,8914495,
L-deprenyl,Selegiline,Mus musculus,B6D2F1,0.25 mg/kg 3x/week,2.7,15.3,Male,NS,8914495,
Propyl gallate,,Zaprionus paravittiger,,25 µg/ml,8.7,15.3,Female,,8950031,
Propyl gallate,,Zaprionus paravittiger,,25 µg/ml,15.1,12.2,Male,,8950031,
Tea (Camellia sinensis) extract,,Drosophila melanogaster,Oregon R,Instead of water,12.2,,Male,,8326745,
L-deprenyl,Selegiline,Mus musculus,B6D2F1,0.25 mg/kg 3x/week,-0.1,-0.7,Female,NS,8914495,
Butylated hydroxyanisole,BHA,Zaprionus paravittiger,,100 mM,-63.8,-53.7,Male,,9207858,
Butylated hydroxyanisole,BHA,Zaprionus paravittiger,,50 mM,-45.9,-40.7,Female,,9207858,
Butylated hydroxyanisole,BHA,Zaprionus paravittiger,,50 mM,-31.7,-46.3,Male,,9207858,
Butylated hydroxyanisole,BHA,Zaprionus paravittiger,,1 mM,1.7,0.8,Female,NS,9207858,
Butylated hydroxyanisole,BHA,Zaprionus paravittiger,,1 mM,4,1.3,Male,NS,9207858,
Butylated hydroxyanisole,BHA,Zaprionus paravittiger,,100 mM,-57.2,-55.2,Female,,9207858,
Butylated hydroxyanisole,BHA,Zaprionus paravittiger,,5 mM,7.9,6.9,Female,,9207858,
Butylated hydroxyanisole,BHA,Zaprionus paravittiger,,5 mM,18.4,6.6,Male,,9207858,
Butylated hydroxyanisole,BHA,Zaprionus paravittiger,,25 mM,13.1,4.4,Female,,9207858,
Butylated hydroxyanisole,BHA,Zaprionus paravittiger,,10 mM,27,17.6,Male,,9207858,
Butylated hydroxyanisole,BHA,Zaprionus paravittiger,,10 mM,15.1,27,Female,,9207858,
L-deprenyl,Selegiline,Mesocricetus auratus,,0.05 mg/kg/day,,16.4,Female,,9258898,
Butylated hydroxyanisole,BHA,Zaprionus paravittiger,,25 mM,20.5,2.2,Male,,9207858,
L-deprenyl,Selegiline,Canis lupus familiaris,Beagles,1 mg/kg,,,,,9307048,
Ascorbic acid,Vitamin C,Paramecium tetraurelia,,50 mg/L,12.1,6.7,,,9406982,
Melatonin,,Paramecium tetraurelia,,10 mg/L,20.8,14.8,,,9406982,
Melatonin,,Paramecium tetraurelia,,10 mg/L,10.8,5.1,,,9406982,
Melatonin,,Paramecium tetraurelia,,10 mg/L,22.8,20.9,,,9406982,
N-acetyl-L-cysteine,,Drosophila melanogaster,Oregon R,1 mg/ml,14.1,15.1,Male,,9447249,
Vitamin E,Tocopherol,Paramecium tetraurelia,,25 mg/L,11.7,17.1,,,9406982,
N-acetyl-L-cysteine,,Drosophila melanogaster,Oregon R,100 µg/ml,16.8,15.1,Male,,9447249,
N-acetyl-L-cysteine,,Drosophila melanogaster,Oregon R,10 mg/ml,26.8,24.5,Male,,9447249,
Ginkgo biloba extract,EGb 761,Rattus norvegicus,Fischer 344,50 mg/kg,17.4,,Male,,9469738,
N-tert-butyl-alpha-phenylnitrone,PBN; alpha phenyl-N-tert butyl nitrone,Mus musculus,C57BL/6J,0.25 mg/ml of water,3.8,5,Male,,9614711,
Epithalamin,Pineal peptide Preparation,Mus musculus,C3H/Sn,NA,31,,,,9701766,
Epithalamin,Pineal peptide Preparation,Drosophila melanogaster,,NA,16,,,,9701766,
Melatonin,,Paramecium tetraurelia,,10 mg/L,,17.9,,NS,9406982,
Rhodiola rosea extract,,Drosophila melanogaster,,30 mg/mL every other day,,42.9,Male,,9825229,
Rhodiola rosea extract,,Drosophila melanogaster,,30 mg/mL every other day,,28.6,Female,,9825229,
Melatonin,,Drosophila melanogaster,Canton S,0.08% per unit mass culture medium,5.5,,Female,,10100152,
Melatonin,,Drosophila melanogaster,Canton S,0.08% per unit mass culture medium,4.8,,Male,,10100152,
Epithalamin,Pineal peptide Preparation,Rattus norvegicus,,NA,25,,,,9701766,
Tocotrienol,vitamin E; alpha-tocophero; alpha-tocotrienol; gamma-tocotrienol; and sigma-tocotrienol,Caenorhabditis elegans,N2,8 ug/ml,8.7,,,,10843344,
Tocotrienol,vitamin E; alpha-tocophero; alpha-tocotrienol; gamma-tocotrienol; and sigma-tocotrienol,Caenorhabditis elegans,N2,80 ug/ml,19.8,,,,10843344,
EUK-134,,Caenorhabditis elegans,N2,0.05 mM,29,,,,10968795,
EUK-134,,Caenorhabditis elegans,N2,0.5 mM,38,,,,10968795,
EUK-134,,Caenorhabditis elegans,N2,0.05 mM,38,,,,10968795,
EUK-134,,Caenorhabditis elegans,N2,5 mM,52,,,,10968795,
EUK-134,,Caenorhabditis elegans,N2,5 mM,42,,,,10968795,
EUK-134,,Caenorhabditis elegans,N2,10 mM,52,,,,10968795,
Vitamin E,Alpha-tocopherol acetate,Caenorhabditis elegans,N2,80 ug/ml,2.9,,,,10843344,
EUK-134,,Caenorhabditis elegans,N2,0.5 mM,54,,,,10968795,
EUK-8,,Caenorhabditis elegans,N2,10 mM,29,,,,10968795,
EUK-8,,Caenorhabditis elegans,N2,5 mM,29,,,,10968795,
EUK-8,,Caenorhabditis elegans,N2,0.05 mM,33,,,,10968795,
EUK-8,,Caenorhabditis elegans,N2,0.5 mM,38,,,,10968795,
Epitalon,Ala-Glu-Asp-Gly,Drosophila melanogaster,Canton S,5*10^-6 %,3.2,,Female,NS,11087911,
Epitalon,Ala-Glu-Asp-Gly,Drosophila melanogaster,Canton S,1*10^-9 %,7.1,,Female,NS,11087911,
Epitalon,Ala-Glu-Asp-Gly,Drosophila melanogaster,Canton S,1*10^-6 %,3.2,,Female,NS,11087911,
EUK-8,,Caenorhabditis elegans,N2,5 mM,33,,,,10968795,
Epitalon,Ala-Glu-Asp-Gly,Drosophila melanogaster,Canton S,1*10^-7 %,10.8,,Male,,11087911,
Epitalon,Ala-Glu-Asp-Gly,Drosophila melanogaster,Canton S,5*10^-6 %,11.3,,Male,,11087911,
Epitalon,Ala-Glu-Asp-Gly,Drosophila melanogaster,Canton S,1*10^-7 %,11.8,,Female,,11087911,
Epitalon,Ala-Glu-Asp-Gly,Drosophila melanogaster,Canton S,1*10^-6 %,12.8,,Male,,11087911,
Epitalon,Ala-Glu-Asp-Gly,Drosophila melanogaster,Canton S,1*10^-8 %,13.4,,Female,,11087911,
Melatonin,,Mus musculus,CBA,20mg/l,5.4,7.5,Female,,11445596,
Epitalon,Ala-Glu-Asp-Gly,Drosophila melanogaster,Canton S,1*10^-8 %,12,,Male,,11087911,
Epitalon,Ala-Glu-Asp-Gly,Drosophila melanogaster,Canton S,1*10^-9 %,16.6,,Male,,11087911,
L-Glu-L-Trp dipeptide,,Rattus norvegicus,,5 µg/rat. 5 times a week,0,10.4,Female,,11707921,
D-glucosamine,,Saccharomyces cerevisiae,W303R,0.5 mg/ml,0,,,NS,11805047,
4-phenylbutyrate,PBA,Drosophila melanogaster,Canton S,5 mM,40,41,,,11792861,
D-glycerol,,Saccharomyces cerevisiae,PSY316,1 M,49.8,,,,12391171,
Melatonin,,Drosophila melanogaster,Oregon R,100 µg/ml,14,33,,,11909680,
D-xylitol,,Saccharomyces cerevisiae,PSY316,1 M,36.8,,,,12391171,
Glucose,Dextrose; D-glucose,Saccharomyces cerevisiae,PSY316,10%,19.8,,,,12391171,
Glucose,Dextrose; D-glucose,Saccharomyces cerevisiae,PSY316,20%,63.1,,,,12391171,
Carnosine,,Drosophila melanogaster,D-32,200 mg/l,24.3,,Male,,12447464,
Sorbitol,D-sorbitol; Glucitol,Saccharomyces cerevisiae,PSY316,1 M,29.9,,,,12391171,
Carnosine,,Drosophila melanogaster,D-32,0.2 mg/l,19.5,,Male,,12447464,
Carnosine,,Drosophila melanogaster,D-32,2 mg/l,26.4,,Male,,12447464,
EUK-8,,Caenorhabditis elegans,N2,5 mM,-83.9,,,,12521609,
EUK-8,,Caenorhabditis elegans,N2,5 mM,-83.7,,,,12521609,
EUK-8,,Caenorhabditis elegans,N2,5 mM,-81,,,,12521609,
EUK-8,,Caenorhabditis elegans,N2,0.5 mM,-33.1,,Male,,12521609,
EUK-8,,Caenorhabditis elegans,N2,0.5 mM,-26.5,,,,12521609,
EUK-8,,Caenorhabditis elegans,N2,0.5 mM,-26.6,,,,12521609,
EUK-8,,Caenorhabditis elegans,N2,0.5 mM,-21.1,,,,12521609,
EUK-8,,Caenorhabditis elegans,N2,0.05 mM,-12.9,,Male,,12521609,
EUK-8,,Caenorhabditis elegans,N2,0.5 mM,-10.7,,,,12521609,
EUK-8,,Caenorhabditis elegans,N2,0.05 mM,-6.1,,,,12521609,
Carnosine,,Drosophila melanogaster,D-32,200 mg/l,,,Female,NS,12447464,
EUK-8,,Caenorhabditis elegans,N2,0.05 mM,-5.7,,,NS,12521609,
EUK-8,,Caenorhabditis elegans,N2,0.05 mM,-0.9,,,NS,12521609,
Butein,,Saccharomyces cerevisiae,PSY316AT MAT_,10 µM,31,,,,12939617,
EUK-8,,Caenorhabditis elegans,N2,0.05 mM,-0.9,,,NS,12521609,
EUK-8,,Caenorhabditis elegans,N2,0.05 mM,3,,,NS,12521609,
Fisetin,,Saccharomyces cerevisiae,PSY316AT MAT_,10 µM,55,,,,12939617,
Resveratrol,,Saccharomyces cerevisiae,PSY316AT MAT_,10 µM,60.7,,,,12939617,
Resveratrol,,Saccharomyces cerevisiae,PSY316AT MAT_,100 µM,40,,,,12939617,
Resveratrol,,Saccharomyces cerevisiae,PSY316AT MAT_,500 µM,39.5,,,,12939617,
Resveratrol,,Saccharomyces cerevisiae,PSY316AT MAT_,10 µM,70,,,,12939617,
Royal Jelly,,Mus musculus,C3H/HeJ,500 ppm ad libitum in diet,23.6,,Male,,12954483,
Buformin,,Rattus norvegicus,LIO,5 mg/day,7,5.5,Female,,14618027,
Phenformin,,Mus musculus,C3H/Sn,"2 mg, 5 times a week",21,26,Female,,14618027,
Coenzyme Q10,Q10,Caenorhabditis elegans,N2,50 µg/ml,6,,,,14706236,
Vitamin E,,Caenorhabditis elegans,N2,400 µg/ml,11,,,,14706236,
Coenzyme Q10,Q10,Caenorhabditis elegans,N2,150 µg/ml,18,,,,14706236,
Coenzyme Q10,Q10,Caenorhabditis elegans,N2,150 µg/ml,9,,,,14706236,
Tetrahydrocurcumin,,Mus musculus,Sprague-Dawley,0.002,11.7,,Male,,15247057,
Green tea polyphenols,,Mus musculus,Sprague-Dawley,80 mg/L,6.4,,Male,,15247057,
Fisetin,,Drosophila melanogaster,Canton S,100 µm,23,,,,15254550,
Resveratrol,,Caenorhabditis elegans,N2,100 µm,10,,,,15254550,
Resveratrol,,Drosophila melanogaster,Canton S,100 µm,20,,Female,,15254550,
Resveratrol,,Drosophila melanogaster,Canton S,100 µm,16,,Male,,15254550,
Trichostatin A,,Drosophila melanogaster,Canton S, 10 µM,23.3,37,Male,,15346199,
"3,3'-thiodipropionic acid",TDPA,Asplanchna brightwelli,clone 4B61,2 mM,10,0,,,15374519,
Alpha-lipoic acid,Lipoic acid,Drosophila melanogaster,Canton S,0.00005,12,5,Female,,15328413,
Trichostatin A,,Drosophila melanogaster,Canton S, 10 µM,27.3,37.9,Female,,15346199,
Vitamin E,D-alpha-tocopherol,Asplanchna brightwelli,clone 4B61,3 mM,24.5,,,,15374519,
Vitamin E,D-alpha-tocopherol,Asplanchna brightwelli,clone 4B61,3 mM,16.4,6.7,,,15374519,
Galactose,D-galactose,Musca domestica,,20 mg/ml,-27.1,-27.1,Male,,15547319,
Galactose,D-galactose,Drosophila melanogaster,,6.50%,-16.6,-12.9,Male,,15547319,
"3,3'-thiodipropionic acid",TDPA,Asplanchna brightwelli,clone 4B61,2 mM,16.4,,,,15374519,
Aurintricarboxylic acid,ATA,Drosophila melanogaster,Oregon R,0.5 mM,15,0,Male,,15621204,
Galactose,D-galactose,Musca domestica,,20 mg/ml,-19.8,-21.9,Female,,15547319,
"3,3-diethyl-2-pyrrolidinone",DEABL,Caenorhabditis elegans,N2,2 mg/ml,31,49,,,15653505,
Ethosuximide,,Caenorhabditis elegans,N2,4 mg/ml,35,37,,,15653505,
Galactose,D-galactose,Drosophila melanogaster,,6.50%,-15.9,-17.1,Female,,15547319,
"3,3-diethyl-2-pyrrolidinone",DEABL,Caenorhabditis elegans,N2,2 mg/ml,31,49,,,15653505,
Ethosuximide,,Caenorhabditis elegans,N2,4 mg/ml,14,-2,,,15653505,
Ethosuximide,,Caenorhabditis elegans,N2,4 mg/ml,17,22,,,15653505,
Ethosuximide,,Caenorhabditis elegans,N2,4 mg/ml,35,37,,,15653505,
Trimethadione,,Caenorhabditis elegans,N2,4 mg/ml,47,57,,,15653505,
Ethosuximide,,Caenorhabditis elegans,N2,2 mg/ml,13,24,,,15653505,
Trimethadione,,Caenorhabditis elegans,N2,4 mg/ml,24,29,,,15653505,
Trimethadione,,Caenorhabditis elegans,N2,4 mg/ml,-7,-10,,NS,15653505,
Trimethadione,,Caenorhabditis elegans,N2,4 mg/ml,39,33,,,15653505,
Trimethadione,,Caenorhabditis elegans,N2,4 mg/ml,41,23,,,15653505,
Resveratrol,,Saccharomyces cerevisiae,BY4741,100 mg/ml,0,,,NS,15684413,
Resveratrol,,Saccharomyces cerevisiae,PSY316,100 mg/ml,0,,,NS,15684413,
Resveratrol,,Saccharomyces cerevisiae,W303R,100 mg/ml,0,,,NS,15684413,
Trichostatin A,TSA,Drosophila melanogaster,Canton S,10 µmol/L,15.6,,Female,,15695762,
Resveratrol,,Caenorhabditis elegans,N2,0.5 mM,14,,,,16256736,
Echinacea purpurea root,,Mus musculus,BALB/cByJ,2 mg/day,,28,Male,,16041619,
Trimethadione,,Caenorhabditis elegans,N2,4 mg/ml,47,57,,,15653505,
Resveratrol,,Caenorhabditis elegans,N2,1 mM,17.8,,,,16256736,
"2,4-dinitrophenol",DNP,Drosophila melanogaster,Oregon R,0.008,20.2,0,,,16266268,
Dauer-inducing Pheromone,,Caenorhabditis elegans,N2,5% in food,13.3,,,,16377915,
Dauer-inducing Pheromone,,Caenorhabditis elegans,N2,10% in food,26.7,,,,16377915,
Resveratrol,,Caenorhabditis elegans,N2,0.1 mM,9.3,,,,16256736,
Crude BB extract (Vaccinium angustifolium),,Caenorhabditis elegans,fem-1(hc17),1.5 mg/mL,37,,,,16441844,
Ampicillin ,,Caenorhabditis elegans,fem-1(hc17),100µg/ml,34,,,,16441844,
Resveratrol,,Nothobranchius furzeri,Gonarezhou,600 µg/g food,56,59,,,16461283,
L-deprenyl,Selegiline,Rattus norvegicus,F344/DuCrj,0.25 mg/kg. 3 times a week,8.1,,Male,,16463106,
Tamarixetin,,Caenorhabditis elegans,,NA,28,,,,16872777,
L-deprenyl,Selegiline,Rattus norvegicus,F344/DuCrj,0.25 mg/kg. 3 times a week,6.7,,Female,,16463106,
Tocotrienol,Tocotrienol rich fraction from palm oil,Caenorhabditis elegans,N2,NA,20,,,,16872777,
"3,5-dihydroxy-4Í-acetoxy-trans-stilbene","3,5-hydroxy-4Í-acetoxy-stilbene",Saccharomyces cerevisiae,PSY316AT_,10 µM,68.2,,,,17156081,
"3,5-dihydroxy-4Í-thiomethyl-trans-stilbene","3,5-hydroxy-4Í-thiomethyl-stilbene",Saccharomyces cerevisiae,PSY316AT_,10 µM,22.7,,,,17156081,
Ginkgo biloba extract,EGb 761,Caenorhabditis elegans,N2,100 µg/ml,8,,,,16872777,
Resveratrol,,Saccharomyces cerevisiae,PSY316AT_,10 µM,41.6,,,,17156081,
"3,5-dihydroxy-4Í-ethyl-trans-stilbene","3,5-hydroxy-4Í-ethyl-stilbene",Saccharomyces cerevisiae,PSY316AT_,10 µM,51.5,,,,17156081,
Resveratrol,,Saccharomyces cerevisiae,PSY316AT_,10 µM,33.9,,,,17156081,
Gamma-tocopherol ,,Caenorhabditis elegans,fem-1(hc17),20 ug/ml,17,,,,17169403,
Alpha-lipoic acid,Lipoic acid,Caenorhabditis elegans,N2,24 µM,24.2,14.3,,,17156833,
Gamma-tocopherol ,,Caenorhabditis elegans,fem-1(hc17),200 ug/ml,21,,,,17169403,
Vitamin E,Tocopherol,Caenorhabditis elegans,N2,200 µg/mL,20.6,0,,,17169403,
Epigallocatechin-3-gallate,EGCG,Caenorhabditis elegans,N2,25 µM,4.8,4.8,,NS,17156833,
Vitamin E,Tocopherol,Caenorhabditis elegans,N2,20 µg/mL,16.6,0,,,17169403,
Pregnenolone,PREG,Caenorhabditis elegans,N2,60 µg/mL,20,,,,17266678,
Vitamin E,Alpha-tocopherol,Drosophila melanogaster,Canton S,100 ug/ml,2,,Female,,17169403,
4-dafachronic acid,,Caenorhabditis elegans,N2,250 nM,0,2.6,,,17360327,
4-dafachronic acid,,Caenorhabditis elegans,N2,250 nM,16.6,28,,,17360327,
Creatine,,Mus musculus,C57BL/6J,0.01,8,3.5,Female,,17416441,
Green tea extract,Longjing green tree catechin extract,Drosophila melanogaster,Oregon-R-C,5 mg/ml,7.8,5.3,,,17440995,
Resveratrol,,Caenorhabditis elegans,N2,50 µM,50.8,29.2,,,17460219,
Green tea extract,Longjing green tree catechin extract,Drosophila melanogaster,Oregon-R-C,10 mg/ml,15.7,5.3,,,17440995,
Green tea extract,Longjing green tree catechin extract,Drosophila melanogaster,Oregon-R-C,1 mg/ml,5.9,5.3,,,17440995,
Nicotinamide riboside,NR,Saccharomyces cerevisiae,BY4741,10 µM,20,,,NS,17482543,
Tetrahydrocurcumin,,Mus musculus,C57BL/6J,0.002,11.7,6.5,,,17516143,
Resveratrol,,Caenorhabditis elegans,N2,100 µM,7.4,,,,17875315,
Resveratrol,,Caenorhabditis elegans,N2,100 µM,7.5,,,,17875315,
Resveratrol,,Caenorhabditis elegans,N2,100 µM,8.1,,,NS,17875315,
Resveratrol,,Caenorhabditis elegans,N2,100 µM,3.4,,,NS,17875315,
Resveratrol,,Drosophila melanogaster,Canton S,1 µM,-3.4,,Female,NS,17875315,
Resveratrol,,Drosophila melanogaster,Canton S,10 µM,-3.4,,Female,NS,17875315,
Resveratrol,,Drosophila melanogaster,Canton S,32 µM,-3.4,,Female,,17875315,
Green tea polyphenols,,Mus musculus,C57BL/6J,(80 mg/l,6.4,0,,,17516143,
Resveratrol,,Drosophila melanogaster,Canton S,100 µM,-3.4,,Female,NS,17875315,
Resveratrol,,Drosophila melanogaster,Canton S,200 µM,0,,Female,NS,17875315,
Resveratrol,,Drosophila melanogaster,Canton S,1000 µM,3.4,,Female,NS,17875315,
Resveratrol,,Drosophila melanogaster,Canton S,1 µM,0,,Female,NS,17875315,
Resveratrol,,Drosophila melanogaster,Canton S,3.2 µM,-3.4,,Female,NS,17875315,
Resveratrol,,Drosophila melanogaster,Canton S,3.2 µM,0,,Female,NS,17875315,
Resveratrol,,Drosophila melanogaster,Canton S,10 µM,-7.7,,Female,,17875315,
Resveratrol,,Drosophila melanogaster,Canton S,32 µM,-15.4,,Female,NS,17875315,
Resveratrol,,Drosophila melanogaster,Canton S,100 µM,-3.4,,Female,NS,17875315,
Resveratrol,,Drosophila melanogaster,Canton S,200 µM,-3.4,,Female,NS,17875315,
Resveratrol,,Drosophila melanogaster,Canton S,1000 µM,-3.4,,Female,NS,17875315,
Resveratrol,,Drosophila melanogaster,Canton S,10 µM,-8.3,,Male,,17875315,
Resveratrol,,Drosophila melanogaster,Canton S,1 µM,2.8,,Male,NS,17875315,
Resveratrol,,Drosophila melanogaster,Canton S,32 µM,-13.9,,Male,,17875315,
Resveratrol,,Drosophila melanogaster,Canton S,3.2 µM,-2.8,,Male,NS,17875315,
Resveratrol,,Drosophila melanogaster,Canton S,100 µM,2.8,,Male,NS,17875315,
Resveratrol,,Drosophila melanogaster,Canton S,1000 µM,-8.3,,Male,NS,17875315,
Resveratrol,,Drosophila melanogaster,Canton S,1 µM,-6.8,,Female,NS,17875315,
Resveratrol,,Drosophila melanogaster,Canton S,3.2 µM,4.5,,Female,NS,17875315,
Resveratrol,,Drosophila melanogaster,Canton S,200 µM,0,,Male,NS,17875315,
Resveratrol,,Drosophila melanogaster,Canton S,10 µM,-4.5,,Female,NS,17875315,
Resveratrol,,Drosophila melanogaster,Canton S,32 µM,9.1,,Female,NS,17875315,
Resveratrol,,Drosophila melanogaster,Canton S,200 µM,-4.5,,Female,NS,17875315,
Resveratrol,,Drosophila melanogaster,Canton S,1000 µM,4.5,,Female,NS,17875315,
Resveratrol,,Drosophila melanogaster,Canton S,100 µM,0,,Female,NS,17875315,
Resveratrol,,Drosophila melanogaster,Canton S,3.2 µM,8.2,,Male,NS,17875315,
Resveratrol,,Drosophila melanogaster,Canton S,10 µM,0,,Male,NS,17875315,
Resveratrol,,Drosophila melanogaster,Canton S,100 µM,0,,Male,NS,17875315,
Resveratrol,,Drosophila melanogaster,Canton S,32 µM,-2,,Male,NS,17875315,
Resveratrol,,Drosophila melanogaster,Canton S,1000 µM,-2,,Male,NS,17875315,
Resveratrol,,Drosophila melanogaster,Canton S,200 µM,2,,Male,NS,17875315,
Resveratrol,,Drosophila melanogaster,Dahomey,1 µM,-5.6,,Female,NS,17875315,
Resveratrol,,Drosophila melanogaster,Canton S,1 µM,0,,Male,NS,17875315,
Resveratrol,,Drosophila melanogaster,Dahomey,3.2 µM,-2.8,,Female,NS,17875315,
Resveratrol,,Drosophila melanogaster,Dahomey,10 µM,-5.6,,Female,,17875315,
Resveratrol,,Drosophila melanogaster,Dahomey,32 µM,-2.8,,Female,NS,17875315,
Resveratrol,,Drosophila melanogaster,Dahomey,200 µM,-2.8,,Female,NS,17875315,
Resveratrol,,Drosophila melanogaster,Dahomey,1 µM,6.9,,Female,NS,17875315,
Resveratrol,,Drosophila melanogaster,Dahomey,100 µM,2.8,,Female,NS,17875315,
Resveratrol,,Drosophila melanogaster,Dahomey,1000 µM,-5.6,,Female,NS,17875315,
Resveratrol,,Drosophila melanogaster,Dahomey,10 µM,3.4,,Female,NS,17875315,
Resveratrol,,Drosophila melanogaster,Dahomey,3.2 µM,-3.4,,Female,NS,17875315,
Resveratrol,,Drosophila melanogaster,Dahomey,100 µM,-3.4,,Female,NS,17875315,
Resveratrol,,Drosophila melanogaster,Dahomey,1000 µM,6.9,,Female,NS,17875315,
Resveratrol,,Drosophila melanogaster,Dahomey,32 µM,-3.4,,Female,NS,17875315,
Resveratrol,,Drosophila melanogaster,Dahomey,1 µM,-3.7,,Female,NS,17875315,
Resveratrol,,Drosophila melanogaster,Dahomey,200 µM,0,,Female,NS,17875315,
Resveratrol,,Drosophila melanogaster,Dahomey,3.2 µM,-7.4,,Female,NS,17875315,
Resveratrol,,Drosophila melanogaster,Dahomey,32 µM,-7.4,,Female,NS,17875315,
Resveratrol,,Drosophila melanogaster,Dahomey,10 µM,0,,Female,NS,17875315,
Resveratrol,,Drosophila melanogaster,Dahomey,100 µM,-3.7,,Female,NS,17875315,
Resveratrol,,Drosophila melanogaster,Dahomey,1000 µM,-7.4,,Female,NS,17875315,
Resveratrol,,Drosophila melanogaster,Dahomey,3.2 µM,-3,,Female,NS,17875315,
Resveratrol,,Drosophila melanogaster,Dahomey,10 µM,15.2,,Female,NS,17875315,
Resveratrol,,Drosophila melanogaster,Dahomey,200 µM,-7.4,,Female,NS,17875315,
Resveratrol,,Drosophila melanogaster,Dahomey,32 µM,9.1,,Female,NS,17875315,
Resveratrol,,Drosophila melanogaster,Dahomey,100 µM,0,,Female,NS,17875315,
Resveratrol,,Drosophila melanogaster,Dahomey,200 µM,12.1,,Female,NS,17875315,
Resveratrol,,Drosophila melanogaster,Dahomey,1000 µM,3,,Female,NS,17875315,
Resveratrol,,Drosophila melanogaster,Dahomey,3.2 µM,2.8,,Male,NS,17875315,
Resveratrol,,Drosophila melanogaster,Dahomey,1 µM,1.4,,Male,NS,17875315,
Resveratrol,,Drosophila melanogaster,Dahomey,1 µM,15.2,,Female,NS,17875315,
Resveratrol,,Drosophila melanogaster,Dahomey,32 µM,0,,Male,NS,17875315,
Resveratrol,,Drosophila melanogaster,Dahomey,100 µM,-1.4,,Male,,17875315,
Resveratrol,,Drosophila melanogaster,Dahomey,200 µM,-1.4,,Male,,17875315,
Resveratrol,,Drosophila melanogaster,Dahomey,10 µM,0,,Male,NS,17875315,
Resveratrol,,Drosophila melanogaster,Dahomey,1000 µM,-2.8,,Male,NS,17875315,
Rhodiola rosea,,Drosophila melanogaster,,30 mg/mL,11.9,,Female,,17990971,
Quercetin,,Caenorhabditis elegans,N2,100 µM,19,15,,,18024103,
Lithium Chloride,,Caenorhabditis elegans,N2,10 mM,36,,,,17959600,
Rhodiola rosea,,Drosophila melanogaster,,30 mg/mL,14,,Male,,17990971,
Mianserin,,Caenorhabditis elegans,N2,50 µM,31,,,,18033297,
Hydrogen Sulphide,,Caenorhabditis elegans,N2,50ppm,74,,,,18077331,
Acticoa powder,Cocoa polyphenolic extract,Rattus norvegicus,Wistar-Unilever,24 mg/5 ml/kg,11,,,,18179729,
Valproic acid,,Caenorhabditis elegans,N2,6 mM,35,42,,,18248662,
Myxothiazol,,Caenorhabditis elegans,N2,NA,32,28.6,,,18221415,
Vitamin E,Alpha-tocopherol,Mus musculus,C57BL/6J,550 mg/kg,15,,,,18257658,
Platinum nanoparticles ,nano-Pt,Caenorhabditis elegans,N2,0.5 mM,22,,,,18400258,
FCCP,Carbonyl cyanide-4-(trifluoromethoxy)phenylhydrazone,Caenorhabditis elegans,N2,NA,28,21.4,,,18221415,
Reserpine,,Caenorhabditis elegans,N2,30 µM,31,,,,18409080,
Alpha-lipoic acid,DL-thioctic acid,Rattus norvegicus,BN/SsNOlaHSD,1.5 g/kg,0,,Male,NS,18486188,
"2,4-dinitrophenol",DNP,Mus musculus,Swiss Webster ,1 mg/L,7.1,,Female,,18505478,
Eleutherococcus senticosus root extract,,Caenorhabditis elegans,N2,250 µg/ml,16,,,,18536978,
Caffeine,,Saccharomyces cerevisiae,BY4741,0.2-0.4 mM,86,,,,18513215,
Aspirin,,Mus musculus,UM-HET3,2.5g /kg food,8,0,Male,,18631321,
Rhodiola rosea root extract,,Caenorhabditis elegans,N2,10 µg/ml,15,,,,18536978,
Nordihydroguaiaretic acid,NDGA,Mus musculus,UM-HET3,2.5 g/kg food,12,0,Male,,18631321,
Quercetin,,Caenorhabditis elegans,N2,100 µM,10,,,,18692520,
Alpha-lipoic acid,Lipoic acid,Caenorhabditis elegans,N2,1mM,21,0,,,18755260,
Quercetin,,Caenorhabditis elegans,N2,200 µM,10,,,,18692520,
Trolox,"6-hydroxy-2,5,7, 8-tetramethylchroman-2-carboxylic acid",Caenorhabditis elegans,N2,3 mM,31,,,,18755260,
Taxifolin,,Caenorhabditis elegans,N2,820 µM,51,,,,18755260,
Quercetin,,Caenorhabditis elegans,N2,100 µM,8,-3,,NS,19043800,
Quercetin,,Caenorhabditis elegans,N2,100 µM,8,16,,,19043800,
Propyl gallate,,Caenorhabditis elegans,N2,1 mM,12,0,,,18755260,
Quercetin,,Caenorhabditis elegans,N2,200 µM,9,,,,19043800,
Quercetin,,Caenorhabditis elegans,N2,200 µM,10,-8,,NS,19043800,
Quercetin,,Caenorhabditis elegans,N2,200 µM,10,,,,19043800,
Quercetin,,Caenorhabditis elegans,N2,200 µM,9,0,,,19043800,
Quercetin,,Caenorhabditis elegans,N2,200 µM,10,-2,,,19043800,
Quercetin,,Caenorhabditis elegans,N2,100 µM,11,25,,,19043800,
Quercetin,,Caenorhabditis elegans,N2,200 µM,18,29,,,19043800,
Quercetin,,Caenorhabditis elegans,N2,200 µM,11,9,,,19043800,
Cocoa,Cocoa powder,Drosophila melanogaster,rosy^+5,50 g/l medium,,,Male,,19083435,
Cocoa,Cocoa powder,Drosophila melanogaster,rosy^+5,100 g/l medium,,,Male,NS,19083435,
Epigallocatechin-3-gallate,EGCG,Caenorhabditis elegans,N2,NA,12.2,,,,19085685,
SkQ1,10-(6'-plastoquinonyl) decyltriphenylphosphonium,Drosophila melanogaster,,20pM-20nM,114,,Female,,19120018,
SkQ1,10-(6'-plastoquinonyl) decyltriphenylphosphonium,Ceriodaphnia affinis,,0.55 nM,100,,,,19120018,
SkQ1,10-(6'-plastoquinonyl) decyltriphenylphosphonium,Podospora anserina,,100 nM,50,,,,19120018,
Resveratrol,,Anastrepha ludens,,100 µM,-25.3,-9.5,Female,,19264118,
Resveratrol,,Anastrepha ludens,,100 µM,-14.5,-14.4,Male,NS,19264118,
Resveratrol,,Anastrepha ludens,,100 µM,-5.8,-7.3,Male,NS,19264118,
Resveratrol,,Anastrepha ludens,,100 µM ,-4.6,-12.4,Male,NS,19264118,
Resveratrol,,Anastrepha ludens,,100 µM,-2.8,-4.8,Female,NS,19264118,
Resveratrol,,Anastrepha ludens,,100 µM,-3.3,-12.1,Male,NS,19264118,
Resveratrol,,Anastrepha ludens,,100 µM,-0.5,3.7,Male,NS,19264118,
Resveratrol,,Anastrepha ludens,,100 µM,-1.4,-12,Male,NS,19264118,
Resveratrol,,Anastrepha ludens,,100 µM,-2.3,16.7,Female,NS,19264118,
Resveratrol,,Anastrepha ludens,,100 µM,0,-3.4,Female,NS,19264118,
Resveratrol,,Anastrepha ludens,,100 µM,1.3,16.6,Male,NS,19264118,
Resveratrol,,Anastrepha ludens,,100 µM,2.3,5,Male,NS,19264118,
Resveratrol,,Anastrepha ludens,,100 µM,2.6,17.5,Female,NS,19264118,
Resveratrol,,Anastrepha ludens,,100 µM,1.5,10,Male,NS,19264118,
Resveratrol,,Anastrepha ludens,,100 µM,2.5,-7.7,Male,NS,19264118,
Resveratrol,,Anastrepha ludens,,100 µM,6.2,7.3,Female,NS,19264118,
Resveratrol,,Anastrepha ludens,,100 µM,2.6,13.9,Male,NS,19264118,
Resveratrol,,Anastrepha ludens,,100 µM,8,36.3,Male,NS,19264118,
Resveratrol,,Anastrepha ludens,,100 µM,3.8,5.7,Female,NS,19264118,
Resveratrol,,Anastrepha ludens,,100 µM,11.2,-1.4,Female,NS,19264118,
Resveratrol,,Anastrepha ludens,,100 µM,-4.9,5.4,Female,NS,19264118,
Resveratrol,,Anastrepha ludens,,100 µM,-2.3,26.5,Female,NS,19264118,
Pine Bark extract,,Caenorhabditis elegans,N2,10 µg/mL,,5.2,,,19350411,
Resveratrol,,Anastrepha ludens,,100 µM,15.6,22.5,Female,,19264118,
Psoralea corylifolia extract,,Caenorhabditis elegans,N2,10 µg/mL,,9.8,,,19350411,
Coenzyme Q10,Ubiquinones 10,Caenorhabditis elegans,clk-1 (qm30),,19,,,,19428456,
Nicotinamide adenine dinucleotide,NAD,Caenorhabditis elegans,N2,100 µM,15,,,,19370397,
Lamotrigine,,Drosophila melanogaster,Ives,12 mg/ml,15.4,,Male,,19430925,
Lamotrigine,,Drosophila melanogaster,Ives,12 mg/ml,17.2,,Female,,19430925,
Resveratrol,,Anastrepha ludens,,100 µM,-5.6,10.2,Female,NS,19264118,
Carbonylcyanide-3-chlorophenylhydrazone,CCCP,Caenorhabditis elegans,N2,10µm,60,,,,19442682,
Ascorbic acid,Vitamin C,Caenorhabditis elegans,N2,25uL Liposomes + 240ug ascorbic acid,,50,,,19580823,
Catechin,,Caenorhabditis elegans,N2,200µm,13,,,,19501612,
Glutathione,,Caenorhabditis elegans,N2,25µL Liposomes + 360µg glutathione,,50,,,19580823,
N-acetyl-L-cysteine,NAC,Caenorhabditis elegans,N2,25µL Liposomes + 100µg NAC,,42.9,,,19580823,
Juglone,"5-hydroxy-1,4-naphthalenedione",Caenorhabditis elegans,N2,40µm,29,,,,19597959,
Rhodiola rosea extract,,Drosophila melanogaster,,25 mg/mL,24,16,Male,,19634056,
Trimethadione,,Caenorhabditis elegans,N2,25uL Liposomes + 0.6mg trimethadione,,50,,,19580823,
Black teaæextractæ,,Drosophila melanogaster,,10 mg/ml,10,,,,19770032,
Rapamycin,,Mus musculus,Hybrid of CB6F1(F)& C3D2F1(M),2.24 mg/kg/day,13,14,Female,,19587680,
Oxaloacetate,Oxaloacetic acid,Caenorhabditis elegans,N2,8 mM,25,13,,,19793063,
Rhodiola rosea extract,,Drosophila melanogaster,,25 mg/mL,24,31,Female,,19634056,
Spermidine,,Drosophila melanogaster,w1118,1 mM,30,,,,19801973,
Spermidine,,Saccharomyces cerevisiae,,4 mM,233,,,,19801973,
Acetic Acid,,Caenorhabditis elegans,N2,50 ppm,23,,,,19837596,
Reishi polysaccharide,Ganoderma lucidum polysaccharide,Caenorhabditis elegans,N2,100 ppm,35,,,,19837596,
Spermidine,,Caenorhabditis elegans,N2,0.2 mM,15,,,,19801973,
Glucose,Dextrose; D-glucose,Caenorhabditis elegans,N2,2%,-19,,,,19883616,
Glucose,Dextrose; D-glucose,Caenorhabditis elegans,N2,2%,-19,,,,19883616,
Glucose,Dextrose; D-glucose,Caenorhabditis elegans,N2,2%,-11,,,,19883616,
Glucose,Dextrose; D-glucose,Caenorhabditis elegans,N2,2%,11,,,NS,19883616,
Glucose,Dextrose; D-glucose,Caenorhabditis elegans,N2,2%,0,,,NS,19883616,
Glucose,Dextrose; D-glucose,Caenorhabditis elegans,N2,2%,-9,,,,19883616,
Glucose,Dextrose; D-glucose,Caenorhabditis elegans,N2,2%,-24,,,,19883616,
Glucose,Dextrose; D-glucose,Caenorhabditis elegans,N2,2%,-15,,,,19883616,
Glucose,Dextrose; D-glucose,Caenorhabditis elegans,N2,2%,-20,,,,19883616,
Glucose,Dextrose; D-glucose,Caenorhabditis elegans,N2,2%,-31,,,,19883616,
Glucose,Dextrose; D-glucose,Caenorhabditis elegans,N2,2%,-15,,,,19883616,
Glucose,Dextrose; D-glucose,Caenorhabditis elegans,N2,2%,-17,,,,19883616,
Glucose,Dextrose; D-glucose,Caenorhabditis elegans,N2,2%,-28,,,,19883616,
Glucose,Dextrose; D-glucose,Caenorhabditis elegans,N2,202%,-23,,,,19883616,
Glucose,Dextrose; D-glucose,Caenorhabditis elegans,N2,2%,-16,,,,19883616,
Glucose,Dextrose; D-glucose,Caenorhabditis elegans,N2,102%,-17,,,,19883616,
Glycerol,,Caenorhabditis elegans,N2,1%,-36,,,,19883616,
Glycerol,,Caenorhabditis elegans,N2,1%,-23,,,,19883616,
Sorbitol,D-sorbitol; Glucitol,Caenorhabditis elegans,N2,2%,5,,,NS,19883616,
Glycerol,,Caenorhabditis elegans,N2,1%,-24,,,,19883616,
Rapamycin,,Mus musculus,C57BL/6J,4 mg/kg,,,Male,,19934433,
LY-294002,,Drosophila melanogaster,Canton S,5 µM,14,22.5,Male,,20017609,
Sorbitol,D-sorbitol; Glucitol,Caenorhabditis elegans,N2,2%,-2,,,NS,19883616,
LY-294002,,Drosophila melanogaster,Canton S,5 µM,14.3,16.3,Female,,20017609,
Rapamycin,,Drosophila melanogaster,white Dahomey,200 µM,13,,Female,,20074526,
SQDB,Shi Quan Da Bu Tang Herbal Formula,Caenorhabditis elegans,N2,100 µg/ml,12,,,,20179756,
Metformin,,Rattus norvegicus,Fischer 344,300 mg/kg/day,2.3,2.1,,NS,20304770,
FCCP,Carbonyl cyanide-4-(trifluoromethoxy)phenylhydrazone,Caenorhabditis elegans,N2,50 µM,17.3,21.6,,,20346071,
VI-28,,Mus musculus,C57BL/6J,0.005,7.2,,Female,NS,20370440,
Metformin,,Caenorhabditis elegans,N2,50 mM,40,0,,,20090912,
VI-28,,Mus musculus,C57BL/6J,0.0005,8.8,,Female,,20370440,
VI-28,,Mus musculus,C57BL/6J,0.005,13.5,,Male,,20370440,
VI-28,,Mus musculus,C57BL/6J,0.0005,14.4,,Male,,20370440,
Tannic acid,,Caenorhabditis elegans,N2,100 µM,18,,,,20413530,
Indolepropionamide ,IPAM,Philodina acuticornis,odiosa,10 µM,137.8,,,,20421998,
Indolepropionamide ,IPAM,Philodina acuticornis,odiosa,20 µM,229.7,,,,20421998,
Indolepropionamide ,IPAM,Philodina acuticornis,odiosa,30 µM,267.9,,,,20421998,
Phaseolus vulgaris Extract,,Caenorhabditis elegans,N2,150 µg / mL,13.2,,,,20455573,
Trehalose,,Caenorhabditis elegans,N2,5 mM,32,,,,20477758,
Epicatechin,EC,Caenorhabditis elegans,N2,100 µM,15,11,,NS,20513639,
DhHP-6,Deuterohemin-AlaHisThrValGluLys,Caenorhabditis elegans,N2,200 µM,21,,,,20528576,
Epigallocatechin-3-gallate,EGCG,Caenorhabditis elegans,N2,100 µM,20,13,,NS,20513639,
L-Carnitine,Acetyl-L-carnitine,Saccharomyces cerevisiae,BY4741,1 mM,140,,,NS,20550520,
L-Carnitine,Acetyl-L-carnitine,Saccharomyces cerevisiae,BY4741,1 mM,260,,,NS,20550520,
L-Carnitine,Acetyl-L-carnitine,Saccharomyces cerevisiae,CM39L-11A,1 mM,50,,,NS,20550520,
L-Carnitine,Acetyl-L-carnitine,Saccharomyces cerevisiae,CM39L-11A,1 mM,62.4,,,NS,20550520,
L-Carnitine,,Saccharomyces cerevisiae,CM39L-11A,1 mM,42.8,,,NS,20550520,
Marine collagen peptides,MCPs,Rattus norvegicus,Sprague-Dawley,0.09,11,13,,,20553190,
Lithocholic acid,,Saccharomyces cerevisiae,BY4741,50 µM ,100,,,,20622262,
Curcumin,,Drosophila melanogaster,Canton S,100 µM,19,,Female,,20645870,
Carnosine,,Drosophila melanogaster,,50 mg/l,20,,Male,,20681748,
"S,S-trolox-carnosine",STC,Drosophila melanogaster,,50 mg/L,16,,Male,,20681748,
L-Carnitine,Propionyl-L-Carnitine; L-propionylcarnitine,Saccharomyces cerevisiae,CM39L-11A,1 mM,21.4,,,NS,20550520,
"S,S-trolox-carnosine",STC,Drosophila melanogaster,,50 mg/L,36,,Female,,20681748,
Curcumin,,Drosophila melanogaster,Ives,250 µM,18,,Male,,20645870,
Stachys lavandulifolia ethanol extract,,Drosophila melanogaster,Oregon R,4 ul/100 ml media,12.4,6.4,Male,,20738162,
Stachys lavandulifolia ethanol extract,,Drosophila melanogaster,Oregon R,4 ul/100 ml media,16,14,Female,,20738162,
Apple polyphenols,,Caenorhabditis elegans,N2,100 µg/ml,12,,,,20717869,
Procyanidins,,Caenorhabditis elegans,N2,65 µg/ml,12.1,,,,20717869,
Stachys lavandulifolia ethanol extract,,Drosophila melanogaster,Oregon R,12 ul/100 ml media,26.8,21.3,Male,,20738162,
Stachys lavandulifolia ethanol extract,,Drosophila melanogaster,Oregon R,20 ul/100 ml media,44.4,8,Male,,20738162,
Stachys lavandulifolia ethanol extract,,Drosophila melanogaster,Oregon R,20 ul/100 ml media,55.7,36,Female,,20738162,
Stachys lavandulifolia water extract,,Drosophila melanogaster,Oregon R,12 ul/100 ml media,21.9,8,Female,,20738162,
Stachys lavandulifolia water extract,,Drosophila melanogaster,Oregon R,12 ul/100 ml media,22.1,10.6,Male,,20738162,
Stachys lavandulifolia water extract,,Drosophila melanogaster,Oregon R,20 ul/100 ml media,32,14.9,Male,,20738162,
Stachys lavandulifolia ethanol extract,,Drosophila melanogaster,Oregon R,12 ul/100 ml media,31.3,22,Female,,20738162,
Dimethyl sulfoxideæ,,Caenorhabditis elegans,N2,0.005,29,18.6,,,20828537,
N-acetyl-L-cysteine,NAC,Mus musculus,UM-HET3,10 g/L of water,24,45,Male,,20819793,
Electrolyzed reduced water,TI-200 ERW,Caenorhabditis elegans,N2,,41,0,,,20944427,
Branched-Chain Amino Acids,BCAAs; Branched-Chain Amino Acids,Mus musculus,B6.129S2,1.5 mg/g body weight,12,0,,,20889128,
Sodium pyruvate,Pyruvic acid,Caenorhabditis elegans,N2,2.5 mM,13.9,,,,21040400,
Morphine,,Drosophila melanogaster,Oregon R,,3.2,,,,21061062,
Stachys lavandulifolia water extract,,Drosophila melanogaster,Oregon R,20 ul/100 ml media,35.6,14,Female,,20738162,
Paraquat,"N,N_-dimethyl-4,4_-bipyridinium dichloride",Caenorhabditis elegans,N2,0.1 mM,58,48,,,21151885,
Dichloroacetate,,Caenorhabditis elegans,N2,50 µg/ml,7.9,13.5,,,21153705,
Morphine,,Drosophila melanogaster,Oregon R,,2.6,,,,21061062,
Glaucarubinone,,Caenorhabditis elegans,N2,100 nM,7.9,9,,,21264793,
Celecoxib,,Caenorhabditis elegans,N2,10µm,19,,,,21348927,
Nectarine,,Drosophila melanogaster,Canton S,0.04,17.6,2.7,Female,,21406223,
Apple polyphenols,,Drosophila melanogaster,Oregon R,NA,10,,,,21319854,
Resveratrol,,Caenorhabditis elegans,N2,100 ug/ml,11,11.5,,,21364612,
Thioflavin T,"(4-(3,6-dimethyl-1,3-benzothiazol-3-ium-2- yl)-N,N-dimethylaniline chloride)",Caenorhabditis elegans,N2,50-100µM,60,78,,,21451522,
Oregano and Cranberry extracts,,Anastrepha ludens,Loew,0.02,43,,,,21455602,
Pyrrolidine dithiocarbamate,,Drosophila melanogaster,,20 mg/l,16,,Female,,21483034,
Diallyl trisulfide,DATS,Caenorhabditis elegans,TJ1060,10 µM,13,,,,21296648,
Caffeicæacidæ,,Caenorhabditis elegans,N2,300 µM,11,,,,21503726,
Rosmarinic acid,,Caenorhabditis elegans,N2,200 µM,10,,,,21503726,
Q3'G,quercetin 3'-O-beta-D-glucopyranoside,Caenorhabditis elegans,N2,21 µg/mL,12,,,,21563825,
Pyrrolidine dithiocarbamate,,Drosophila melanogaster,,20 mg/l,15,,Male,,21483034,
Q3M,3-O-beta-D-glucopyranoside-(4-1)-beta-D-glucopyranoside,Caenorhabditis elegans,N2,20 µg/mL,20,,,,21563825,
Electrolyzed reduced water,ERW,Caenorhabditis elegans,N2,,12.1,,,,21737933,
Electrolyzed reduced water,ERW,Caenorhabditis elegans,N2,,15.5,,,,21737933,
Electrolyzed reduced water,ERW,Caenorhabditis elegans,N2,,32.3,,,,21737933,
Epicatechin,,Drosophila melanogaster,Canton S,0.1 mM/l,42,,,,21525262,
Electrolyzed reduced water,ERW,Caenorhabditis elegans,N2,,37.4,,,,21737933,
Platinum nanoparticles ,,Caenorhabditis elegans,N2,50 ppb,1.7,,,NS,21737933,
Quercetin,,Caenorhabditis elegans,N2,22 µg/mL,14,,,,21563825,
Platinum nanoparticles ,,Caenorhabditis elegans,N2,2 ppb,3.9,,,NS,21737933,
Platinum nanoparticles ,,Caenorhabditis elegans,N2,10 ppb,5,,,NS,21737933,
Platinum nanoparticles ,,Caenorhabditis elegans,N2,5 ppb,7.1,,,,21737933,
Ferulsinaic acid,,Caenorhabditis elegans,N2,100 µm,20,,,,21749391,
Platinum nanoparticles ,,Caenorhabditis elegans,N2,2 ppb,18.2,,,,21737933,
Naphthazarin,,Caenorhabditis elegans,N2,100 µM,11,12,,,21765926,
Naphthazarin,,Caenorhabditis elegans,N2,50 µM,2,0,,NS,21765926,
Naphthazarin,,Caenorhabditis elegans,N2,200 µM,19,16,,,21765926,
Naphthazarin,,Caenorhabditis elegans,N2,100 µM,10,12,,,21765926,
Naphthazarin,,Caenorhabditis elegans,N2,200 µM,10,8,,,21765926,
Naphthazarin,,Caenorhabditis elegans,N2,500 µM,9,4,,NS,21765926,
Naphthazarin,,Caenorhabditis elegans,N2,100 µM,8,7,,,21765926,
Naphthazarin,,Caenorhabditis elegans,N2,200 µM,8,14,,,21765926,
Naphthazarin,,Caenorhabditis elegans,N2,500 µM,14,8,,,21765926,
Oxoline,,Caenorhabditis elegans,N2,1 mM,13,18,,,21765926,
Oxoline,,Caenorhabditis elegans,N2,1 mM,12,24,,,21765926,
Naphthazarin,,Caenorhabditis elegans,N2,500 µM,22,25,,,21765926,
Oxoline,,Caenorhabditis elegans,N2,1 mM,10,24,,,21765926,
Oxoline,,Caenorhabditis elegans,N2,500 µM,15,14,,,21765926,
Oxoline,,Caenorhabditis elegans,N2,500 µM,15,12,,,21765926,
Oxoline,,Caenorhabditis elegans,N2,50 µM,2,1,,NS,21765926,
Oxoline,,Caenorhabditis elegans,N2,500 µM,15,10,,,21765926,
Oxoline,,Caenorhabditis elegans,N2,100 µM,9,15,,NS,21765926,
Oxoline,,Caenorhabditis elegans,N2,100 µM,2,5,,NS,21765926,
Plumbagin,,Caenorhabditis elegans,N2,1 µM,1,3,,NS,21765926,
Plumbagin,,Caenorhabditis elegans,N2,2.5 µM,3,5,,NS,21765926,
Plumbagin,,Caenorhabditis elegans,N2,5 µM,3,3,,NS,21765926,
Oxoline,,Caenorhabditis elegans,N2,100 µM,2,-8,,NS,21765926,
Plumbagin,,Caenorhabditis elegans,N2,10 µM,9,2,,NS,21765926,
Oxoline,,Caenorhabditis elegans,N2,500 µM,3,12,,,21765926,
Plumbagin,,Caenorhabditis elegans,N2,7.5 µM,0,0,,NS,21765926,
Plumbagin,,Caenorhabditis elegans,N2,25 µM,15,5,,,21765926,
Plumbagin,,Caenorhabditis elegans,N2,25 µM,10,2,,NS,21765926,
Plumbagin,,Caenorhabditis elegans,N2,10 µM,7,3,,NS,21765926,
Plumbagin,,Caenorhabditis elegans,N2,25 µM,11,6,,,21765926,
Plumbagin,,Caenorhabditis elegans,N2,25 µM,11,13,,,21765926,
Plumbagin,,Caenorhabditis elegans,N2,50 µM,12,12,,,21765926,
Plumbagin,,Caenorhabditis elegans,N2,50 µM,-3,-6,,NS,21765926,
Plumbagin,,Caenorhabditis elegans,N2,100 µM,-16,-15,,,21765926,
Plumbagin,,Caenorhabditis elegans,N2,100 µM,1,2,,NS,21765926,
Plumbagin,,Caenorhabditis elegans,N2,100 µM,-11,-13,,,21765926,
Plumbagin,,Caenorhabditis elegans,N2,150 µM,-23,,,,21765926,
Plumbagin,,Caenorhabditis elegans,N2,200 µM,-84,,,,21765926,
Plumbagin,,Caenorhabditis elegans,N2,250 µM,-91,,,,21765926,
Plumbagin,,Caenorhabditis elegans,N2,50 µM,12,5,,,21765926,
Plumbagin,,Caenorhabditis elegans,N2,250 µM,-86,,,,21765926,
Plumbagin,,Caenorhabditis elegans,N2,300 µM,-86,,,,21765926,
Plumbagin,,Caenorhabditis elegans,N2,400 µM,-90,,,,21765926,
Plumbagin,,Caenorhabditis elegans,N2,500 µM,-81,,,,21765926,
Plumbagin,,Caenorhabditis elegans,N2,500 µM,-91,,,,21765926,
Gallic Acid,,Caenorhabditis elegans,N2,300 µM,10,,,,21805983,
Rasayana,,Drosophila melanogaster,Oregon-K,1 drop,51.1,,Female,,21836798,
Rasayana,,Drosophila melanogaster,Oregon-K,1 drop,55,,Male,,21836798,
Curcumin,,Caenorhabditis elegans,N2,20 µM,39,,,,21855561,
Protease treated royal jelly,Royalactin,Caenorhabditis elegans,N2,10 µg/ml,18,44,,,21858156,
Spermine,SPM,Mus musculus,Crj:CD-1,3 mg.kg-1.dose-1 ,,,Female,,21858192,
Rosa damascena extract,,Drosophila melanogaster,B,,22.4,12.7,Male,,21928072,
Rosa damascena extract,,Drosophila melanogaster,B,,31.7,13,Female,,21928072,
Rosa damascena extract,,Drosophila melanogaster,w1118,,4.5,7.4,Female,,21928072,
Rosa damascena extract,,Drosophila melanogaster,w1118,,14.5,6.4,Male,,21928072,
Astragalus membranaceus polysaccharide,Astragalan,Caenorhabditis elegans,N2,1-2.5 mg/ml,23.8,,,,21892924,
Lonidamine,,Caenorhabditis elegans,,5 µM,8,8,,,21932172,
Astaxanthin,,Caenorhabditis elegans,N2,1 mM,28.6,21.7,,,22013497,
Dafadine-A,,Caenorhabditis elegans,N2,50 µM,29,,,,22057127,
Resveratrol,,Drosophila melanogaster,Canton S,200 µM,-2.1,,Male,NS,22083438,
Resveratrol,,Drosophila melanogaster,Canton S,100 µM ,1,,Male,NS,22083438,
Resveratrol,,Drosophila melanogaster,Canton S,200 µM,-1.5,,Female,NS,22083438,
Rapamycin,,Mus musculus,129/Sv,1.5 mg/kg,10.1,9.3,Female,,22107964,
Acetaminophen,,Caenorhabditis elegans,N2,0.0001,48.6,59,,,22114686,
Baicalein,"5,6,7-trihydroxyflavone",Caenorhabditis elegans,N2,0.001,36.7,52,,,22114686,
Bacitracin,,Caenorhabditis elegans,N2,0.01,58.5,74,,,22114686,
Blueberry extract,,Drosophila melanogaster,,5 mg/ml,10,,,,22197903,
Reserpine,,Caenorhabditis elegans,N2,60 uM,30,,,,22212533,
Icariin,,Caenorhabditis elegans,N2,45 µM,20.7,,,,22216122,
Resveratrol,,Drosophila melanogaster,Canton S,100 µM ,1.8,,Female,NS,22083438,
Ciclopirox olamine,,Caenorhabditis elegans,N2,0.0001,41,52,,,22114686,
Ethanol,,Caenorhabditis elegans,N2,4 mM,111.9,,,,22279556,
N-butanol,,Caenorhabditis elegans,N2,4 mM,108.1,,,,22279556,
Ethanol,,Caenorhabditis elegans,N2,17 mM,155.2,,,,22279556,
N-propanol,,Caenorhabditis elegans,N2,4 mM,95.5,,,,22279556,
Minocycline,,Drosophila melanogaster,Oregon,0.05 mM,49,,Male,,22330257,
Erbstatin analog,,Drosophila melanogaster,Oregon R,5 mM,18,,,,22363408,
AG-490,,Drosophila melanogaster,Oregon R,300 µM,17.5,,,,22363408,
Everolimus,,Drosophila melanogaster,Oregon R,3 mM,16.6,,,,22363408,
HA-1004,,Drosophila melanogaster,Oregon R,1-10 µM,18,,,,22363408,
HA-1077,,Drosophila melanogaster,Oregon R,10 µM,14.5,,,,22363408,
Indirubin,,Drosophila melanogaster,Oregon R,3 mM,8.2,,,,22363408,
PD-98059,,Drosophila melanogaster,Oregon R,300-1000 µM,27,,,,22363408,
PP2 AG1879,,Drosophila melanogaster,Oregon R,300 µM,22.8,,,,22363408,
Quercetin dihydrate,,Drosophila melanogaster,Oregon R,1 mM,23,,,,22363408,
KN-93,,Drosophila melanogaster,Oregon R,10-100 µM,20,,,,22363408,
SB203580,,Drosophila melanogaster,Oregon R,300 µM,30.3,,,,22363408,
SP600125,,Drosophila melanogaster,Oregon R,10 mM,23.5,,,,22363408,
Tyrphostin 1,,Drosophila melanogaster,Oregon R,100-300 µM,19,,,,22363408,
Tyrphostin 9,,Drosophila melanogaster,Oregon R,300-500 µM,17.3,,,,22363408,
Polyphenols,,Mus musculus,C57BL/6J,,6.3,,Male,,22265987,
Tyrphostin AG 1295,,Drosophila melanogaster,Oregon R,300-500 µM,22.5,,,,22363408,
Tyrphostin AG 1478,,Drosophila melanogaster,Oregon R,100 µM,19.5,,,,22363408,
Damnacanthus officinarum leaf extract,,Caenorhabditis elegans,N2,1200 µg/mL,18.6,,,,22370553,
Damnacanthus officinarum root extract,,Caenorhabditis elegans,N2,1200 µg/mL,30.3,,,,22370553,
Staurosporine,,Drosophila melanogaster,Oregon R,30-50 µM,34.8,,,,22363408,
L-Theanine,,Caenorhabditis elegans,N2,0.1 µM,3.6,4.4,,,22422488,
Curcumin,,Mus musculus,UM-HET3,300 mg/ kg of food,4.5,,Female,NS,22451473,
Curcumin,,Mus musculus,UM-HET3,300 mg/ kg of food,2.8,,Male,NS,22451473,
Green tea extract,,Mus musculus,UM-HET3,2000 mg/kg of food,6.6,,Female,NS,22451473,
Medium-chain triglyceride oil,,Mus musculus,UM-HET3,60000mg/kg of diet,-1.1,,Male,NS,22451473,
Medium-chain triglyceride oil,,Mus musculus,UM-HET3,60000mg/kg of diet,1.8,,Female,NS,22451473,
Resveratrol,,Mus musculus,UM-HET3,300 mg/ kg of food,3.4,,Male,NS,22451473,
Oxaloacetate,Oxaloacetic acid,Mus musculus,UM-HET3,2200 mg/Kg of food,2.7,,Female,NS,22451473,
Oxaloacetate,Oxaloacetic acid,Mus musculus,UM-HET3,2200 mg/Kg of food,4.2,,Male,NS,22451473,
Proline,L-proline,Caenorhabditis elegans,N2,5 uM,5.8,,,,22482728,
Resveratrol,,Mus musculus,UM-HET3,300 mg/ kg of food,4.7,,Female,NS,22451473,
Astaxanthin,,Caenorhabditis elegans,N2,6 µg,20.8,14.6,,,22484623,
Gamma-tocopherol ,,Caenorhabditis elegans,N2,43 µg,10.1,12.3,,,22484623,
Tocotrienol,,Caenorhabditis elegans,N2,26 µg,8.6,3.5,,,22484623,
Hesperidin,,Saccharomyces cerevisiae,BY4741,5 µM,15.4,,,,22484922,
Tocotrienol,,Caenorhabditis elegans,N2,259 µg,12,11,,,22484623,
Hesperidin,,Saccharomyces cerevisiae,BY4741,10 µM,36.9,,,,22484922,
Tocotrienol,,Caenorhabditis elegans,N2,86 µg,21,18,,,22484623,
Hesperidin,,Saccharomyces cerevisiae,BY4741,50 µM,4.6,,,,22484922,
Resveratrol,,Saccharomyces cerevisiae,BY4741,10 µM,33.8,,,,22484922,
Green tea extract,,Mus musculus,UM-HET3,2000 mg/kg of food,4.6,,Male,NS,22451473,
Quercetin,,Caenorhabditis elegans,N2,250 µM,-7,,,,22493606,
Quercetin,,Caenorhabditis elegans,N2,50 µM,2,,,NS,22493606,
Quercetin,,Caenorhabditis elegans,N2,200 µM,9,,,,22493606,
Quercetin,,Caenorhabditis elegans,N2,100 µM,11,,,,22493606,
Tannic acid,,Caenorhabditis elegans,N2,300 µM,1,,,NS,22493606,
Tannic acid,,Caenorhabditis elegans,N2,200 µM,8,,,,22493606,
Tannic acid,,Caenorhabditis elegans,N2,400 µM,-11,,,,22493606,
Tannic acid,,Caenorhabditis elegans,N2,25 µM,10,,,,22493606,
Quercetin,,Caenorhabditis elegans,N2,200 µM,10,,,,22493606,
Tannic acid,,Caenorhabditis elegans,N2,100 µM,18,,,,22493606,
Tannic acid,,Caenorhabditis elegans,N2,100 µM,19,,,,22493606,
Tannic acid,,Caenorhabditis elegans,N2,50 µM,16,,,,22493606,
C60 ,Fullerene,Rattus norvegicus,,1.7 mg/kg of body weight,90,,,,22498298,
Olive Oil,,Rattus norvegicus,,,18,,,,22498298,
HF-HQ,,Caenorhabditis elegans,N2,400 µM,20,,,,22529848,
HuminFeed,,Caenorhabditis elegans,N2,400 µM,12.5,,,,22529848,
Proanthocycanidin,,Caenorhabditis elegans,N2,67 µg/ml,36.6,,,,22509764,
Rapamycin,,Caenorhabditis elegans,N2,100 µM,19,,,,22560223,
Curcumin,,Drosophila melanogaster,Oregon R,1 mg/g,12.6,13,Female,,22653297,
"1,2,4-triazolo[1,5-a]pyridine",,Caenorhabditis elegans,N2,500 nM,12,,,,22509764,
Curcumin,,Drosophila melanogaster,Oregon R,1 mg/g,25.8,-5.2,Male,,22653297,
Curcumin,,Drosophila melanogaster,Oregon R,0.5 mg/g,6.2,-5.2,Male,NS,22653297,
Curcumin,,Drosophila melanogaster,Oregon R,0.5 mg/g,15.5,-1.9,Female,,22653297,
"3,4-dihydroxybenzaldehyde",protocatechuic aldehyde,Drosophila melanogaster,yw (y1w67c23),0.3 mM,13,,Female,,22809229,
Simvastatin,,Drosophila melanogaster,,240 µM,25,,,,22737247,
"3,4-dihydroxybenzaldehyde",protocatechuic aldehyde,Drosophila melanogaster,yw (y1w67c23),3 mM,13,,Female,,22809229,
Tyrosol,,Caenorhabditis elegans,fer-15(b26),250 µM,19.1,10.8,,,22824366,
D-chiro-inositol,,Drosophila melanogaster,Canton S,,16.6,,Male,,22843669,
"3,4-dihydroxybenzaldehyde",protocatechuic aldehyde,Drosophila melanogaster,yw (y1w67c23),1 mM,23,,Female,,22809229,
Pinitol,,Drosophila melanogaster,Canton S,,12.5,,Female,,22843669,
D-chiro-inositol,,Drosophila melanogaster,Canton S,,15,,Female,,22843669,
Cynomorium songaricumæRupr.,Suoyang,Drosophila melanogaster,Canton S,10 mg/ml,1.5,,Male,NS,22844336,
Cynomorium songaricumæRupr.,Suoyang,Drosophila melanogaster,Canton S,20 mg/ml,2.2,,Male,NS,22844336,
Pinitol,,Drosophila melanogaster,Canton S,,8.7,,Male,,22843669,
Cynomorium songaricumæRupr.,Suoyang,Drosophila melanogaster,Canton S,30 mg/ml,3.7,,Male,NS,22844336,
Cynomorium songaricumæRupr.,Suoyang,Drosophila melanogaster,Canton S,10 mg/ml,15.3,,Female,,22844336,
Cynomorium songaricumæRupr.,Suoyang,Drosophila melanogaster,Canton S,20 mg/ml,17.6,,Female,,22844336,
Cranberry Extract,CBE,Caenorhabditis elegans,N2,2 mg/mL,32.5,,,,22864793,
Aspirin,,Caenorhabditis elegans,N2,0.5 µM,23,,,,22866967,
Salicylic acid,,Caenorhabditis elegans,N2,1 µM,13.9,,,,22866967,
Cynomorium songaricumæRupr.,Suoyang,Drosophila melanogaster,Canton S,30 mg/ml,11.4,,Female,,22844336,
Resveratrol,,Apis mellifera,,30 µM,38,,,,22868943,
Aspirin,,Caenorhabditis elegans,N2,1 µM,20.9,,,,22866967,
Blackæriceæextract,,Drosophila melanogaster,Oregon R,30 mg/ml,14,,,,22930061,
Resveratrol,,Nothobranchius guentheri,TZ 97-2,100 µL,13,23,Female,,22960591,
Sevelamer,,Drosophila melanogaster,yw,1%,16,,Male,,22942172,
Resveratrol,,Nothobranchius guentheri,TZ 97-2,100 µL,23,32,Male,,22960591,
Apple,,Saccharomyces cerevisiae,MCY4/KlLSM4::kanMX4,1 gr,78.5,,,NS,22970337,
Apple flesh,,Saccharomyces cerevisiae,MCY4/KlLSM4::kanMX4,1 gr,7,,,NS,22970337,
4-hydroxy-E-globularinin,,Caenorhabditis elegans,N2,200 uM,6.4,,,,23000058,
Apple peal,,Saccharomyces cerevisiae,MCY4/KlLSM4::kanMX4,1 gr,28.5,,,NS,22970337,
4-hydroxy-E-globularinin,,Caenorhabditis elegans,N2,2 uM,8.1,,,,23000058,
Sodium butyrate,,Drosophila melanogaster,Ra,10 mM,-9.1,,,NS,23044027,
Sodium butyrate,,Drosophila melanogaster,Ra,100 mM,-10.9,,,,23044027,
Sodium butyrate,,Drosophila melanogaster,Ra,100 mM,-6.3,,,NS,23044027,
Sodium butyrate,,Drosophila melanogaster,Ra,100 mM,4.2,,,,23044027,
4-hydroxy-E-globularinin,,Caenorhabditis elegans,N2,20 uM,18.8,,,,23000058,
Sodium butyrate,,Drosophila melanogaster,Ra,10 mM,-6.3,,,NS,23044027,
Sodium butyrate,,Drosophila melanogaster,Ra,100 mM,8.3,,,,23044027,
Sodium butyrate,,Drosophila melanogaster,Ra,10 mM,8.3,,,,23044027,
Curcumin,,Drosophila melanogaster,Ra,100 mM,-23.4,,Female,NS,23063786,
Sodium butyrate,,Drosophila melanogaster,Ra,10 mM,12.5,,,,23044027,
Curcumin,,Drosophila melanogaster,Ra,100 mM,-10.2,,Male,NS,23063786,
Curcumin,,Drosophila melanogaster,Ra,100 mM,25,20.2,,,23063786,
Curcumin,,Drosophila melanogaster,Ra,100 mM,-17,3,Female,,23063786,
Curcumin,,Drosophila melanogaster,Ra,100 mM,-8.2,25,Male,,23063786,
Curcumin,,Drosophila melanogaster,Ra,100 mM,25.5,0,Female,,23063786,
Curcumin,,Drosophila melanogaster,Ra,100 mM,49,49,Male,,23063786,
Curcumin,,Drosophila melanogaster,Ra,100 mM,16.3,25,Male,,23063786,
Curcumin,,Drosophila melanogaster,Ra,10 mM,,,,NS,23063786,
Curcumin,,Drosophila melanogaster,Ra,200 mM,,,,,23063786,
Curcumin,,Drosophila melanogaster,Ra,100 mM,46.8,38,Female,,23063786,
Metformin,,Drosophila melanogaster,Dahomey,100 mM,-66,,Female,,23077661,
Metformin,,Drosophila melanogaster,Dahomey,50 mM,-22,,Female,,23077661,
Metformin,,Drosophila melanogaster,Dahomey,100 mM,-31,,Male,,23077661,
Metformin,,Drosophila melanogaster,Dahomey,10 mM,-6,,Male,NS,23077661,
Metformin,,Drosophila melanogaster,Dahomey,25 mM,-6,,Male,NS,23077661,
Metformin,,Drosophila melanogaster,Dahomey,25 mM,-7,,Female,,23077661,
Metformin,,Drosophila melanogaster,Dahomey,2.5 mM,-4,,Male,NS,23077661,
Metformin,,Drosophila melanogaster,Dahomey,10 mM,-3,,Female,NS,23077661,
Metformin,,Drosophila melanogaster,Dahomey,1 mM,0,,Female,NS,23077661,
Metformin,,Drosophila melanogaster,Dahomey,50 mM,-6,,Male,NS,23077661,
Metformin,,Drosophila melanogaster,Dahomey,5 mM,0,,Male,NS,23077661,
Metformin,,Drosophila melanogaster,Dahomey,5 mM,0,,Female,NS,23077661,
Metformin,,Drosophila melanogaster,Dahomey,1 mM,4,,Male,NS,23077661,
Metformin,,Drosophila melanogaster,Dahomey,5 mM,7,,Male,NS,23077661,
Freeze dried royal jelly,FDRJ,Drosophila melanogaster,Oregon R,1% w/v,8.5,-4,Male,,23132575,
Minocycline,,Drosophila melanogaster,Oregon R,0.87mM,50,25,Male,,23185716,
Minocycline,,Drosophila melanogaster,Oregon R,0.87mM,50,66,Female,,23185716,
Metformin,,Drosophila melanogaster,Dahomey,2.5 mM,0,,Female,NS,23077661,
Resveratrol,,Nothobranchius guentheri,,12 µg,42.9,17,,,23220248,
Sesame,,Drosophila melanogaster,Oregon R,2 mg/ml,12,,Male,,23291977,
Metoprolol,,Mus musculus,C3B6F1,1.1 g/kg diet,10,,Male,,23314750,
Dimethyl formamide ,DMF,Caenorhabditis elegans,N2,0.0075,33,54,,,23313473,
Nebivolol,,Mus musculus,C3B6F1,0.27 g/kg diet,6.4,,Male,,23314750,
DhHP-6,Deuterohemin-AlaHisThrValGluLys,Caenorhabditis elegans,N2,100 µM,19.1,,,,23410029,
Omega-6,_-6  Polyunsaturated fatty acids; Omega-6 PUFAs; Omega-6 Fatty Acid,Caenorhabditis elegans,N2,10 µM,16,,,,23392608,
Nolinospiroside F,,Saccharomyces cerevisiae,K6001,10 µM,21.3,,,,23439553,
Baicalein,"5,6,7-trihydroxyflavone",Caenorhabditis elegans,N2,100 µM,45,24,,,23339711,
Nolinospiroside F,,Saccharomyces cerevisiae,K6001,1 µM,19,,,,23439553,
Nolinospiroside F,,Saccharomyces cerevisiae,K6001,3 µM,22.6,,,,23439553,
Resveratrol,,Saccharomyces cerevisiae,K6001,10 µM,17.4,,,,23439553,
Malate,,Caenorhabditis elegans,N2,10 mM,14,,,,23472183,
Aspirin,,Caenorhabditis elegans,N2,100 µM,16,,,,23485446,
Ascr#3,hydroxy ketone ascaroside,Caenorhabditis elegans,N2,400 nM,21,,,,23509272,
Huperzine A,,Caenorhabditis elegans,N2,300 µM,13.8,,,,23523941,
Fumarate,,Caenorhabditis elegans,N2,10 mM,16,,,,23472183,
Ascr#2,hydroxy ketone ascaroside,Caenorhabditis elegans,N2,400 nM,14,,,,23509272,
Fish oil,,Caenorhabditis elegans,N2,2 mg/plate,-12.8,,,,23526170,
Fish oil,,Caenorhabditis elegans,N2,0.5 mg/plate,8.9,,,NS,23526170,
Fish oil,,Caenorhabditis elegans,N2,1 mg/plate,9.6,,,,23526170,
Phenformin,,Caenorhabditis elegans,N2,4.5 mM,29,,,,23540700,
Platycladus orientalis seed extract,,Caenorhabditis elegans,N2,500 µg/ml,26.5,,,,23523941,
Arsenite,,Caenorhabditis elegans,N2,100 nM,10,,,,23534459,
Bezafibrate,,Caenorhabditis elegans,N2,10 µm,13,,,,23603800,
Clofibrate,,Caenorhabditis elegans,N2,10 µm,16,,,,23603800,
Curcumin,,Drosophila melanogaster,Wild 1-A,1 mg/g,20.3,,,,23675008,
Curcumin,,Drosophila melanogaster,Wild 1-A,0.5 mg/g,,,Male,NS,23675008,
Chloramphenicol,,Caenorhabditis elegans,N2,100 µg/ml,15.8,,,,23698443,
Rapamycin,,Mus musculus,C57BL/6æ,14 ppm,4.8,,Female,,23682161,
Fenofibrate,,Caenorhabditis elegans,N2,10 µm,19,,,,23603800,
Doxycycline,,Caenorhabditis elegans,N2,30 µg/ml,36.5,,,,23698443,
Doxycycline,,Caenorhabditis elegans,SJ4101,6 µg/ml,12.1,,,,23698443,
Doxycycline,,Caenorhabditis elegans,SJ4101,60 µg/ml,23.7,,,,23698443,
Doxycycline,,Caenorhabditis elegans,SJ4101,30 µg/ml,25.4,,,,23698443,
Doxycycline,,Caenorhabditis elegans,N2,6 µg/ml,17.6,,,,23698443,
Ethidium bromide,,Caenorhabditis elegans,N2,5 µg/ml,30.1,,,,23698443,
Resveratrol,,Caenorhabditis elegans,N2,100 µM,11.3,,,,23698443,
Rapamycin,,Caenorhabditis elegans,N2,1 nM,20.6,,,,23698443,
Rapamycin,,Caenorhabditis elegans,N2,1 nM,16.2,,,,23698443,
Myriocin,,Saccharomyces cerevisiae,BY4741,600 ng/ml,,,,,23725375,
Myriocin,,Saccharomyces cerevisiae,BY4741,600 ng/ml,,,,,23725375,
Rhodiola rosea root extract,,Drosophila melanogaster,w1118,NA,36,,Male,,23704949,
Rhodiola rosea root extract,,Drosophila melanogaster,w1118,NA,40,,Female,,23704949,
Myricetin,,Caenorhabditis elegans,N2,100 µM,32.9,,,,23736695,
Protocatechuic acid,,Caenorhabditis elegans,N2,100  µM,23,25,,,23780797,
Protocatechuic acid,,Caenorhabditis elegans,N2,200 µM,38.9,40,,,23780797,
Epigallocatechin-3-gallate,EGCG,Rattus norvegicus,Wistar,,13,,Male,,23834676,
Whole apple extract,,Caenorhabditis elegans,N2,10 mg/ml,39,25,,,23878618,
Rapamycin,,Mus musculus,C57BL/6J,,,,Male,,23863708,
Myriocin,,Saccharomyces cerevisiae,DBY746,600 ng/ml,,,,,23725375,
Metformin,,Mus musculus,C57BL/6J,0.001,5.8,,,,23900241,
Minocycline,,Drosophila melanogaster,Oregon,0.05 mM,63,,Male,,23947005,
Electrolyzed reduced water,ERW,Caenorhabditis elegans,N2,,17.3,13.8,,,23959012,
Lutein,,Drosophila melanogaster,,0.1 mg/ml,11.4,,,,23993264,
Sulfamethoxazole,SMX,Caenorhabditis elegans,N2,400 µM,18,0,,,24034891,
Sulfamethoxazole,SMX,Caenorhabditis elegans,N2,100 µM,34,0,,,24034891,
Sulfamethoxazole,SMX,Caenorhabditis elegans,N2,200 µM,28,0,,,24034891,
1-methyl nicotinamide,,Caenorhabditis elegans,N2,1 µM,7.7,11,,,24077178,
Nicotinamide,Vitamin B3,Caenorhabditis elegans,N2,100 µM,6.5,6,,,24077178,
Pyrrolidine dithiocarbamate,,Drosophila melanogaster,Canton S,125 µM,10,,Male,,24096697,
Electrolyzed reduced water,ERW,Caenorhabditis elegans,N2,,17.5,10.7,,,23959012,
GYY4137,,Caenorhabditis elegans,N2,100 µM,0.4,,,,24093496,
Pyrrolidine dithiocarbamate,,Drosophila melanogaster,Canton S,125 µM,12,,Female,,24096697,
Wortmannin,,Drosophila melanogaster,Canton S,5 µM,5,,Male,,24096697,
Acanthophora spicifera extract,Red Algae extract,Brachionus manjavacas,,5 µg/ml,14,,,,24120568,
N-(3-(aminomethyl)benzyl)acetamidine,,Drosophila melanogaster,Canton S,0.03 µ_,3,13,Male,,24096697,
Jania acutilobum extract,Red Algae extract,Brachionus manjavacas,,5 µg/ml,9.1,,,,24120568,
Peyssonnelia sp. extract,Red Algae extract,Brachionus manjavacas,,2 µg/ml,8.5,,,,24120568,
Resveratrol,,Daphnia pulex clone TCO,,0.3 µM,-6.5,,,NS,24133070,
Resveratrol,,Daphnia pulex clone TCO,,3 µM,-32.3,,,,24133070,
Resveratrol,,Daphnia pulex clone TCO,,3 µM,0,,,NS,24133070,
"(R,R)-cis-Diethyl tetrahydro-2,8-chrysenediol",,Caenorhabditis elegans,,33 µM,7,,,,24134630,
"3,4-dichloroisocoumarin",,Caenorhabditis elegans,,88 µM,13,,,,24134630,
4-phenyl-3-furoxancarbonitrile,,Caenorhabditis elegans,,88 µM,30,,,,24134630,
AMN082,,Caenorhabditis elegans,,33 µM,8,,,,24134630,
"7-cyclopentyl-5-(4-phenoxy)phenyl-7H-pyrrolo[2,3-d]pyrimidin-4-ylamine",,Caenorhabditis elegans,,33 µM,11,,,,24134630,
Resveratrol,,Daphnia pulex clone TCO,,0.3 µM,0,,,NS,24133070,
Amperozide hydrochloride,,Caenorhabditis elegans,,13 µM,38,,,,24134630,
Amoxapine,,Caenorhabditis elegans,,88 µM,33,,,,24134630,
BRL 15572,,Caenorhabditis elegans,,33 µM,10,,,,24134630,
Beta-Estradiol,,Caenorhabditis elegans,,33 µM,7,,,,24134630,
BRL 50481,,Caenorhabditis elegans,,176 µM,18,,,,24134630,
Chlorprothixene hydrochloride,,Caenorhabditis elegans,,13µM,33,,,,24134630,
Cis-(Z)-Flupenthixol dihydrochloride,,Caenorhabditis elegans,,33 µM,30,,,,24134630,
Cinnarizine,,Caenorhabditis elegans,,33 µM,15,,,,24134630,
Cortexolone maleate,,Caenorhabditis elegans,,33µM,11,,,,24134630,
BTCP hydrochloride,,Caenorhabditis elegans,,88 µM,14,,,,24134630,
Cyclosporin A,,Caenorhabditis elegans,,88 µM,18,,,,24134630,
Danazol,,Caenorhabditis elegans,,33 µM,13,,,,24134630,
Cyproterone acetate,,Caenorhabditis elegans,,33 µM,23,,,,24134630,
DAPH,,Caenorhabditis elegans,,13 µM,15,,,,24134630,
Dihydroergotamine methanesulfonate,,Caenorhabditis elegans,,88 µM,24,,,,24134630,
Demeclocycline hydrochloride,,Caenorhabditis elegans,,33 µM,16,,,,24134630,
Dihydroergocristine methanesulfonate,,Caenorhabditis elegans,,176 µM,34,,,,24134630,
Doxazosin mesylate,,Caenorhabditis elegans,,33 µM,15,,,,24134630,
Doxycycline hydrochloride,,Caenorhabditis elegans,,33 µM,18,,,,24134630,
Eliprodil,,Caenorhabditis elegans,,88 µM,16,,,,24134630,
Guanfacine hydrochloride,,Caenorhabditis elegans,,13 µM,15,,,,24134630,
Guanabenz acetate,,Caenorhabditis elegans,,88 µM,12,,,,24134630,
Hexahydro-sila-diphenidol,,Caenorhabditis elegans,,88 µM,15,,,,24134630,
Kenpaullone,,Caenorhabditis elegans,,88 µM,27,,,,24134630,
Ketanserin tartrate,,Caenorhabditis elegans,,176 µM,13,,,,24134630,
LFM-A13,,Caenorhabditis elegans,,88 µM,27,,,,24134630,
Loratadine,,Caenorhabditis elegans,,33 µM,18,,,,24134630,
Loxapine succinate,,Caenorhabditis elegans,,88µM,43,,,,24134630,
"LY-165,163",PAPP,Caenorhabditis elegans,,33 µM,33,,,,24134630,
"LY-367,265",,Caenorhabditis elegans,,33µM,34,,,,24134630,
Metergoline,,Caenorhabditis elegans,,33µM,23,,,,24134630,
Mianserin,Mianserin hydrochloride,Caenorhabditis elegans,,50µM,32,,,,24134630,
Methylergonovine maleate,,Caenorhabditis elegans,,88µM,28,,,,24134630,
Minocycline hydrochloride,,Caenorhabditis elegans,,88 µM,29,,,,24134630,
N-(2-[4-(4-chlorophenyl)piperazin-1-yl]ethyl)-3-methoxybenzamide,,Caenorhabditis elegans,,33 µM,35,,,,24134630,
Naftopidil dihydrochloride,,Caenorhabditis elegans,,33 µM,14,,,,24134630,
Nortriptyline hydrochloride,,Caenorhabditis elegans,,88 µM,21,,,,24134630,
Octoclothepin maleate,(+/-)-Octoclothepin maleate,Caenorhabditis elegans,,13 µM,38,,,,24134630,
Oxatomide,,Caenorhabditis elegans,,88 µM,25,,,,24134630,
Nicardipine hydrochloride,,Caenorhabditis elegans,,176 µM,23,,,,24134630,
Promethazine hydrochloride,,Caenorhabditis elegans,,176 µM,32,,,,24134630,
Pergolide methanesulfonate,,Caenorhabditis elegans,,13 µM,37,,,,24134630,
Propionylpromazine hydrochloride,,Caenorhabditis elegans,,33 µM,20,,,,24134630,
Nitrendipine,,Caenorhabditis elegans,,88 µM,25,,,,24134630,
Quinidine sulfate,,Caenorhabditis elegans,,33 µM,12,,,,24134630,
SU 4312,,Caenorhabditis elegans,,88µM,5,,,,24134630,
Thioridazine hydrochloride,,Caenorhabditis elegans,,33µM,31,,,,24134630,
Psora-4,,Caenorhabditis elegans,,88 µM,42,,,,24134630,
Trequinsin hydrochloride,,Caenorhabditis elegans,,88µM,27,,,,24134630,
Tyrphostin AG 1478,,Caenorhabditis elegans,,33 µM,11,,,,24134630,
Vinpocetine,,Caenorhabditis elegans,,33µM,15,,,,24134630,
MPTP,,Caenorhabditis elegans,N2,10 nM,8,,Hermaphrodite,,24199155,
Piericidin A,,Caenorhabditis elegans,N2,100 nM,5,,,,24199155,
Rotenone,,Caenorhabditis elegans,N2,100 nM,10,,Hermaphrodite,,24199155,
Vincristine sulfate,,Caenorhabditis elegans,,88µM,12,,,,24134630,
Chicoric acid,,Caenorhabditis elegans,N2,100 µM,21,8,,,24244361,
Methylene blue,MB,Mus musculus,UM-HET3,27mg/kg diet,0,6,Female,,24245565,
Acarbose,ACA,Mus musculus,UM-HET3,1000mg/kgdiet,5,9,Female,,24245565,
Korean red ginseng tonic,Panax ginseng,Drosophila melanogaster,w1118,12 µg/ml,13.5,,Female,,24265871,
Korean red ginseng tonic,Panax ginseng,Drosophila melanogaster,w1118,1.2 µg/ml,14.5,,Female,,24265871,
Vitamin D3,,Caenorhabditis elegans,N2,1000 µg/ml,23,,,,24304198,
Korean red ginseng tonic,Panax ginseng,Drosophila melanogaster,w1118,0.12 µg/ml,5.7,,Female,NS,24265871,
AU701,Apple pectine AU701,Drosophila melanogaster,Canton S,0.30%,1.2,,Male,NS,24305778,
AU701,Apple pectine AU701,Drosophila melanogaster,Canton S,0.30%,11.4,,Female,,24305778,
CU701,Citrus pectine CU703,Drosophila melanogaster,Canton S,0.30%,0,,Male,NS,24305778,
AU701,Apple pectine AU701,Drosophila melanogaster,Canton S,0.30%,-0.7,,Female,NS,24305778,
CU701,Citrus pectine CU703,Drosophila melanogaster,Canton S,0.30%,6,,Female,NS,24305778,
Acarbose,ACA,Mus musculus,UM-HET3,1000mg/kgdiet,22,11,Male,,24245565,
Polydatin,,Caenorhabditis elegans,N2,1 mM,30,,,,24305800,
CU701,Citrus pectine CU701,Drosophila melanogaster,Canton S,0.30%,16.9,,Male,,24305778,
CU701,Citrus pectine CU702,Drosophila melanogaster,Canton S,0.30%,16.9,,Male,,24305778,
Cranberry Extract,,Drosophila melanogaster,Canton S,0.02,30.1,,,,24316039,
Korean mistletoe extract,Viscum album coloratumextract,Drosophila melanogaster,Canton S,50 µg/ml,19.9,,,,24337961,
Ludwigia octovalvis extract,,Drosophila melanogaster,Canton S,100 µg/ml,16.1,,Male,,24338263,
Rapamycin,,Mus musculus,UM-HET3, 42 mg of drug per kg of food,0.2,,Male,,24341993,
Korean mistletoe extract,Viscum album coloratumextract,Caenorhabditis elegans,N2,50 µg/ml,9.6,,,,24337961,
Ludwigia octovalvis extract,,Drosophila melanogaster,Canton S,100 µg/ml,24.2,,Female,,24338263,
Rapamycin,,Mus musculus,UM-HET3, 42 mg of drug per kg of food,0.3,,Female,,24341993,
Glyceollin I,,Saccharomyces cerevisiae,,12.5 nM,40,,,,24399048,
Lithium Chloride,,Caenorhabditis elegans,JK1107 (glp-1),10 mM,11,,,,24398558,
Glyceollin I,,Saccharomyces cerevisiae,,100000 nM,,,,,24399048,
Lithium Chloride,,Caenorhabditis elegans,JK1107,10 mM,0.1,0,,,24398558,
Glyceollin I,,Saccharomyces cerevisiae,,0.5 nM,,,,,24399048,
Glyceollin I,,Saccharomyces cerevisiae,,5 nM,,,,,24399048,
Glyceollin I,,Saccharomyces cerevisiae,,10 nM,,,,,24399048,
Glyceollin I,,Saccharomyces cerevisiae,,50 nM,,,,,24399048,
Glyceollin I,,Saccharomyces cerevisiae,,1 nM,,,,,24399048,
Glyceollin I,,Saccharomyces cerevisiae,,100 nM,,,,,24399048,
Glyceollin I,,Saccharomyces cerevisiae,,1250 nM,,,,,24399048,
Glyceollin I,,Saccharomyces cerevisiae,,25000 nM,,,,,24399048,
Rapamycin,,Mus musculus,C57BL/6J,14 ppm,11,,Male,,24409289,
Glyceollin I,,Saccharomyces cerevisiae,,25 nM,,,,,24399048,
Rapamycin,,Mus musculus,C57BL/6J,14 ppm,16,,Female,,24409289,
Celastrol,,Caenorhabditis elegans,N2,7 µmol/l,17.4,,,,24416295,
Rhodiola rosea,,Drosophila melanogaster,IF,30 mg/ml,-11.9,-16.4,Male,,24472572,
Celastrol,,Caenorhabditis elegans,N2,7 µmol/l,13.8,,,,24416295,
Rhodiola rosea,,Drosophila melanogaster,IF,2.5 mg/ml,2.4,-6,Male,NS,24472572,
Rhodiola rosea,,Drosophila melanogaster,IF,5 mg/ml,13.6,3.4,Female,,24472572,
Rhodiola rosea,,Drosophila melanogaster,IF,10 mg/ml,13.6,3.9,Female,,24472572,
Rhodiola rosea,,Drosophila melanogaster,IF,30 mg/ml,-9.1,-12.2,Female,,24472572,
Rhodiola rosea,,Drosophila melanogaster,IF,10 mg/ml,14.3,6,Male,,24472572,
Rhodiola rosea,,Drosophila melanogaster,IF,2.5 mg/ml,6.8,-2.9,Female,NS,24472572,
Rhodiola rosea,,Drosophila melanogaster,IF,5 mg/ml,16.7,6.6,Male,,24472572,
Sesamin,,Caenorhabditis elegans,N2,3.1 µg,10.5,,,,24549958,
Sesamin,,Caenorhabditis elegans,N2,25 µg,0.8,,,NS,24549958,
Cranberry extract,,Caenorhabditis elegans,N2,2 mg/ml,12.8,,,,24566444,
Sesamin,,Caenorhabditis elegans,N2,6.3 µg,14.1,,,,24549958,
Cranberry extract,,Caenorhabditis elegans,N2,2 mg/ml,20,,,,24566444,
SRT1720,,Mus musculus,C57BL/6J,100 mg/kg body weight,8.8,0,,,24582957,
N-acetylglucosamine,GlcNAc or NAG,Caenorhabditis elegans,N2,10 mM,50,,,,24630720,
Sesamin,,Caenorhabditis elegans,N2,12.5 µg,10.9,,,,24549958,
Cranberry extract,,Caenorhabditis elegans,N2,2 mg/ml,14.4,,,,24566444,
Caffeine,,Caenorhabditis elegans,N2,100 mM,-89.5,,,,24764514,
D-glucosamine,,Caenorhabditis elegans,N2,10 mM,11,8,,,24714520,
Caffeine,,Caenorhabditis elegans,N2,75 mM,-82.8,,,,24764514,
Caffeine,,Caenorhabditis elegans,N2,50 mM,-40.9,,,,24764514,
Caffeine,,Caenorhabditis elegans,N2,30 mM,-24.4,,,,24764514,
Caffeine,,Caenorhabditis elegans,N2,5 mM,-13.6,,,,24764514,
D-glucosamine,,Mus musculus,C57BL/6NRj,10 g/kg,5.6,5.5,,,24714520,
Caffeine,,Caenorhabditis elegans,N2,7.5 mM,-11.6,,,,24764514,
Caffeine,,Caenorhabditis elegans,N2,0.5 mM,7.7,,,,24764514,
Caffeine,,Caenorhabditis elegans,N2,7.5 mM,8.7,,,,24764514,
Caffeine,,Caenorhabditis elegans,N2,10 mM,16.9,,,,24764514,
Caffeine,,Caenorhabditis elegans,N2,2.5 mM,17.2,,,,24764514,
Caffeine,,Caenorhabditis elegans,N2,7.5 mM,19.6,,,,24764514,
Caffeine,,Caenorhabditis elegans,N2,20 mM,21.6,,,,24764514,
Caffeine,,Caenorhabditis elegans,N2,10 mM,36.7,,,,24764514,
Caffeine,,Caenorhabditis elegans,N2,5 mM,28.5,,,,24764514,
Caffeine,,Caenorhabditis elegans,N2,5 mM,10.8,,,,24764514,
Alpha-ketoglutarate,,Caenorhabditis elegans,N2,8 mM,29.4,,,,24828042,
Beta-caryophyllene,,Caenorhabditis elegans,N2,25 uM,11.2,,,,24835194,
Glycerol,,Brachionus manjavacas,,274 mM,51,,,,24835191,
Beta-caryophyllene,,Caenorhabditis elegans,N2,50 uM,22.2,,,,24835194,
Beta-caryophyllene,,Caenorhabditis elegans,N2,100 uM,14.9,,,,24835194,
Metformin,,Caenorhabditis elegans,N2,100 mM,6.3,,,NS,24889636,
Metformin,,Caenorhabditis elegans,N2,12.5 mM,13,,,,24889636,
Metformin,,Caenorhabditis elegans,N2,6.25 mM,17,,,,24889636,
Metformin,,Caenorhabditis elegans,N2,25 mM,29.7,,,,24889636,
Metformin,,Caenorhabditis elegans,N2,50 mM,9.4,,,NS,24889636,
Metformin,,Caenorhabditis elegans,N2,25 mM,30.6,,,,24889636,
CU701,Citrus pectine CU703,Drosophila melanogaster,Canton S,0.30%,5.4,,Female,,24305778,
Metformin,,Caenorhabditis elegans,N2,25 mM,47.4,,,,24889636,
Metformin,,Caenorhabditis elegans,N2,25 mM,44,,,,24889636,
Metformin,,Caenorhabditis elegans,N2,25 mM,-4.7,,,NS,24889636,
Huanshao dan,HSh,Caenorhabditis elegans,N2,6.8 g/L,38.3,,,,24952637,
Erchen wan,EC,Caenorhabditis elegans,N2,1.5 g/L,21.8,,,,24952637,
Metformin,,Caenorhabditis elegans,N2,25 mM,57.3,,,,24889636,
Liuwei dihuang wan,LW,Caenorhabditis elegans,N2,4.2 g/L,12.6,,,,24952637,
Shengmai yin,SM,Caenorhabditis elegans,N2,48.0 g/L,47.3,,,,24952637,
Caffeicæacidæphenethylester,CAPE,Caenorhabditis elegans,,,9,17,,,24964141,
Amla juice,Emblicaæofficinalis,Drosophila melanogaster,,20 ml,5.9,,,,24967413,
Amla juice,Emblicaæofficinalis,Drosophila melanogaster,,30 ml,5.9,,,,24967413,
Turmeric powder,Curcuma longa,Drosophila melanogaster,,5 g/L,17.6,,,,24967413,
Shiquan dabu wan,SQ,Caenorhabditis elegans,N2,6.2 g/L,14.5,,,,24952637,
Turmeric powder,Curcuma longa,Drosophila melanogaster,,7 g/L,17.6,,,,24967413,
Turmeric powder,Curcuma longa,Drosophila melanogaster,,2.5 g/L,2.9,,,,24967413,
Green tea polyphenols,,Drosophila melanogaster,w1118,10 mg/ml,19,,Male,,25058464,
D-beta-hydroxybutyrate ,D-_HB,Caenorhabditis elegans,N2,20 mM,26,,,,25127866,
Curcumin,,Drosophila melanogaster,Canton S,50 µM,-1,,Male,,25173182,
Curcumin,,Drosophila melanogaster,Canton S,50 µM,3,,Female,,25173182,
Curcumin,,Drosophila melanogaster,Canton S,25 µM,4,,Male,,25173182,
Curcumin,,Drosophila melanogaster,Canton S,5 µM,2,,Male,,25173182,
Curcumin,,Drosophila melanogaster,Canton S,25 µM,9,,Female,,25173182,
Curcumin,,Drosophila melanogaster,Canton S,10 µM,19,,Male,,25173182,
Curcumin,,Drosophila melanogaster,Canton S,10 µM,34,,Female,,25173182,
Astragalus polysaccharide,,Caenorhabditis elegans,N2,50 µg/ml,7,,,,25186652,
Astragalus polysaccharide,,Caenorhabditis elegans,N2,400 µg/ml,19.6,,,,25186652,
Astragalus polysaccharide,,Caenorhabditis elegans,N2,100 µg/ml,22.8,,,,25186652,
Astragalus polysaccharide,,Caenorhabditis elegans,N2,200 µg/ml,20.7,,,,25186652,
Astragalus polysaccharide,,Caenorhabditis elegans,N2,600 µg/ml,30.8,,,,25186652,
"Bis(1-hydroxy-2,2,6,6-tetramethyl-4-piperidinyl)-decandioate",IAC,Aeolosoma viride,,2.5 uM,98.6,,,,25190068,
Curcumin,,Drosophila melanogaster,Canton S,5 µM,6,,Female,,25173182,
"Bis(1-hydroxy-2,2,6,6-tetramethyl-4-piperidinyl)-decandioate",IAC,Aeolosoma viride,,1.25 uM,157.3,,,,25190068,
Astragalus polysaccharide,,Caenorhabditis elegans,N2,200 µg/ml,24.7,,,,25186652,
EUK-134,SOD mimetic,Aeolosoma viride,,3.1 µM,48.8,,,,25190068,
Mulberry leaf polyphenols,,Caenorhabditis elegans,N2,25 mg/mL,22.5,,,,25323576,
Acanthopanax sessiliflorus stem extract,,Caenorhabditis elegans,N2,500 mg/L,18,20,,,25324932,
EUK-134,SOD mimetic,Aeolosoma viride,,12.5 µM,20.2,,,,25190068,
EUK-134,SOD mimetic,Aeolosoma viride,,1.6 µM,26.4,,,,25190068,
Nordihydroguaiaretic acid,Mesonordihydroguaiaretic acid,Mus musculus,B6C3F1æ,3.5 g/kg diet,12,,Male,,25380600,
Nordihydroguaiaretic acid,Mesonordihydroguaiaretic acid,Mus musculus,B6C3F1æ,1.5 g/kg diet,,,Male,NS,25380600,
Nordihydroguaiaretic acid,Mesonordihydroguaiaretic acid,Mus musculus,B6C3F1æ,2.5 g/kg diet,,,Male,NS,25380600,
Nordihydroguaiaretic acid,Mesonordihydroguaiaretic acid,Drosophila melanogaster,Oregon-R-C,3 mg/ml,23,,,,25380600,
Nordihydroguaiaretic acid,Mesonordihydroguaiaretic acid,Mus musculus,B6C3F1æ,4.5 g/kg diet,,,Male,NS,25380600,
Nordihydroguaiaretic acid,Mesonordihydroguaiaretic acid,Drosophila melanogaster,Oregon-R-C,1 mg/ml,,,,NS,25380600,
Royalactin,,Caenorhabditis elegans,N2,0.04 ug/ml,26.8,,,,25456847,
Royalactin,,Caenorhabditis elegans,N2,0.4 ug/ml,29.1,,,,25456847,
Edetate Calcium Disodium,CaEDTA,Caenorhabditis elegans,N2,,21.4,,,,25554795,
Cinnamon Extract,,Drosophila melanogaster,w1118,75 mg/ml,37,,Female,,25456850,
Dibromoacetic acid,,Caenorhabditis elegans,N2,100 µm,14.6,,,,25556763,
N-nitrosodimethylamine,,Caenorhabditis elegans,N2,50 µM,5.5,,,,25556763,
Pomegrenate juice,,Drosophila melanogaster,Canton S,0.1,8,,Female,,25566518,
Royalactin,,Caenorhabditis elegans,N2,1.6 ug/ml,33.9,,,,25456847,
Pomegrenate juice,,Drosophila melanogaster,Canton S,0.1,18,,Male,,25566518,
Cinnamon Extract,,Drosophila melanogaster,w1118,25 mg/ml,17,,Male,,25456850,
Resveratrol,,Nothobranchius guentheri,TZ 97-2,200 µg/g,14,,Female,,25569124,
Ivabradine,,Mus musculus,C57BL/6J,50 mg/kg/day,6.2,,Male,,25589054,
Resveratrol,,Nothobranchius guentheri,TZ 97-2,200 µg/g,19,,Male,,25569124,
Genistein,,Caenorhabditis elegans,N2,50 µM,10,,,,25593647,
Genistein,,Caenorhabditis elegans,N2,100 µM,27.9,,,,25593647,
Specioside,,Caenorhabditis elegans,N2,50 uM,11.8,,,,25619942,
Specioside,,Caenorhabditis elegans,N2,25 uM,15.5,,,,25619942,
Proanthocyanidins from Kunlun Chrysanthemum flowers,,Drosophila melanogaster,Oregon R+,,15.5,10.4,Female,,25628774,
Proanthocyanidins from Kunlun Chrysanthemum flowers,,Drosophila melanogaster,Oregon R+,,1,5.1,Female,,25628774,
Proanthocyanidins from Kunlun Chrysanthemum flowers,,Drosophila melanogaster,Oregon R+,,5.7,3.1,Male,,25628774,
Specioside,,Caenorhabditis elegans,N2,5 uM,8.9,,,,25619942,
Proanthocyanidins from Kunlun Chrysanthemum flowers,,Drosophila melanogaster,Oregon R+,,5.3,4.7,Female,,25628774,
Proanthocyanidins from Kunlun Chrysanthemum flowers,,Drosophila melanogaster,Oregon R+,,16.8,14,Male,,25628774,
Proanthocyanidins from Kunlun Chrysanthemum flowers,,Drosophila melanogaster,Oregon R+,,3.2,2.9,Male,,25628774,
Proanthocyanidins from Kunlun Chrysanthemum flowers,,Drosophila melanogaster,Oregon R+,,13.9,8.9,Male,,25628774,
Agmatine,,Caenorhabditis elegans,N2,100 µM,1,,,NS,25643626,
Agmatine,,Caenorhabditis elegans,N2,1 mM,16,,,,25643626,
Agmatine,,Caenorhabditis elegans,N2,10 mM,-20,,,,25643626,
Alanine,,Caenorhabditis elegans,N2,1 mM,8,,,,25643626,
Alanine,,Caenorhabditis elegans,N2,5 mM,4,,,NS,25643626,
Alanine,,Caenorhabditis elegans,N2,10 mM,11,,,,25643626,
Alpha-ketoglutarate,,Caenorhabditis elegans,N2,100 µM,10,,,,25643626,
Alpha-ketoglutarate,,Caenorhabditis elegans,N2,10 mM,7,,,NS,25643626,
Alpha-ketoglutarate,,Caenorhabditis elegans,N2,5 mM,11,,,,25643626,
Arginine,,Caenorhabditis elegans,N2,1 mM,8,,,,25643626,
Alpha-ketoglutarate,,Caenorhabditis elegans,N2,1mM,15,,,,25643626,
Arginine,,Caenorhabditis elegans,N2,10 mM,15,,,,25643626,
Asparagine,,Caenorhabditis elegans,N2,1 mM,1,,,NS,25643626,
Asparagine,,Caenorhabditis elegans,N2,10 mM,-25,,,,25643626,
Beta-alanine,,Caenorhabditis elegans,N2,1 mM,13,,,,25643626,
Asparagine,,Caenorhabditis elegans,N2,5 mM,5,,,,25643626,
Beta-alanine,,Caenorhabditis elegans,N2,5 mM,5,,,NS,25643626,
Caprylate,,Caenorhabditis elegans,N2,100 µM,1,,,NS,25643626,
Betaine,Trimethylglycine,Caenorhabditis elegans,N2,1 mM,9,,,,25643626,
Caprylate,,Caenorhabditis elegans,N2,1 mM,7,,,,25643626,
Caprylate,,Caenorhabditis elegans,N2,10 mM,-18,,,,25643626,
Carnosine,Beta-alanyl-L-histidine,Caenorhabditis elegans,N2,10 µM,1,,,NS,25643626,
Arginine,,Caenorhabditis elegans,N2,5 mM,11,,,,25643626,
Caprylate,,Caenorhabditis elegans,N2,5 mM,-5,,,,25643626,
Citrate,Sodium citrate; Citric acid,Caenorhabditis elegans,N2,10 mM,-2,,,NS,25643626,
Carnosine,Beta-alanyl-L-histidine,Caenorhabditis elegans,N2,100 µM,4,,,,25643626,
Creatine,,Caenorhabditis elegans,N2,1 mM,-4,,,,25643626,
Creatine,,Caenorhabditis elegans,N2,5 mM,-20,,,,25643626,
Creatine,,Caenorhabditis elegans,N2,10 mM,-18,,,,25643626,
Cysteine,,Caenorhabditis elegans,N2,1 mM,9,,,,25643626,
Cysteine,,Caenorhabditis elegans,N2,5 mM,16,,,,25643626,
Carnosine,Beta-alanyl-L-histidine,Caenorhabditis elegans,N2,1 mM,11,,,,25643626,
Cysteine,,Caenorhabditis elegans,N2,10 mM,2,,,NS,25643626,
D-alanine,,Caenorhabditis elegans,N2,10 mM,16,,,,25643626,
D-alanine,,Caenorhabditis elegans,N2,1 mM,14,,,,25643626,
D-alanine,,Caenorhabditis elegans,N2,5 mM,16,,,,25643626,
D-aspartate,,Caenorhabditis elegans,N2,1 mM,7,,,NS,25643626,
D-aspartate,,Caenorhabditis elegans,N2,10 mM,8,,,,25643626,
D-aspartate,,Caenorhabditis elegans,N2,5 mM,18,,,,25643626,
D-glutamate,,Caenorhabditis elegans,N2,10 mM,-3,,,NS,25643626,
D-glutamate,,Caenorhabditis elegans,N2,1 mM,114,,,,25643626,
D-glutamate,,Caenorhabditis elegans,N2,5 mM,18,,,,25643626,
DL-isocitrate,,Caenorhabditis elegans,N2,10 mM,-28,,,,25643626,
DL-isocitrate,,Caenorhabditis elegans,N2,1 mM,3,,,NS,25643626,
DL-isocitrate,,Caenorhabditis elegans,N2,5 mM,13,,,,25643626,
DL-lactate,,Caenorhabditis elegans,N2,5 mM,6,,,,25643626,
Galactose,D-galactose,Caenorhabditis elegans,N2,1 mM,1,,,NS,25643626,
DL-lactate,,Caenorhabditis elegans,N2,10 mM,2,,,NS,25643626,
DL-lactate,,Caenorhabditis elegans,N2,1 mM,3,,,NS,25643626,
Galactose,D-galactose,Caenorhabditis elegans,N2,10 mM,6,,,,25643626,
Gluconate,,Caenorhabditis elegans,N2,5 mM,17,,,,25643626,
Gluconate,,Caenorhabditis elegans,N2,10 mM,16,,,,25643626,
Gluconate,,Caenorhabditis elegans,N2,1 mM,8,,,,25643626,
Glutamate,,Caenorhabditis elegans,N2,1 mM,14,,,,25643626,
Glutamate,,Caenorhabditis elegans,N2,10 mM,-8,,,,25643626,
Glutamine,,Caenorhabditis elegans,N2,1 mM,15,,,,25643626,
Glutamate,,Caenorhabditis elegans,N2,5 mM,11,,,,25643626,
Glutamine,,Caenorhabditis elegans,N2,10 mM,-6,,,,25643626,
Glycerol,,Caenorhabditis elegans,N2,10 mM,21,,,,25643626,
Glutamine,,Caenorhabditis elegans,N2,5 mM,16,,,,25643626,
Glycine,,Caenorhabditis elegans,N2,5 mM,3,,,NS,25643626,
Glycine,,Caenorhabditis elegans,N2,1 mM,10,,,,25643626,
Glycine,,Caenorhabditis elegans,N2,10 mM,-4,,,NS,25643626,
Histidine,L-histidine,Caenorhabditis elegans,N2,5 mM,10,,,,25643626,
Histidine,,Caenorhabditis elegans,N2,1 mM,4,,,NS,25643626,
Histidine,,Caenorhabditis elegans,N2,5 mM,9,,,,25643626,
Histidine,,Caenorhabditis elegans,N2,10 mM,12,,,,25643626,
Homocysteine,,Caenorhabditis elegans,N2,5 mM,7,,,,25643626,
Inositol,,Caenorhabditis elegans,N2,1 mM,3,,,,25643626,
Inositol,,Caenorhabditis elegans,N2,10 mM,17,,,,25643626,
Isoleucine,,Caenorhabditis elegans,N2,1 mM,3,,,NS,25643626,
Isoleucine,,Caenorhabditis elegans,N2,5 mM,3,,,NS,25643626,
Leucine,,Caenorhabditis elegans,N2,1 mM,16,,,,25643626,
Isoleucine,,Caenorhabditis elegans,N2,10 mM,3,,,,25643626,
Leucine,,Caenorhabditis elegans,N2,5 mM,6,,,,25643626,
Leucine,,Caenorhabditis elegans,N2,10 mM,7,,,,25643626,
L-histidine methyl ester,,Caenorhabditis elegans,N2,100 µM,8,,,,25643626,
L-histidine methyl ester,,Caenorhabditis elegans,N2,1 mM,9,,,,25643626,
Homocysteine,,Caenorhabditis elegans,N2,1 mM,13,,,,25643626,
L-histidine methyl ester,,Caenorhabditis elegans,N2,10 mM,4,,,NS,25643626,
L-theanine,Theanine,Caenorhabditis elegans,N2,100 µM,14,,,,25643626,
L-theanine,Theanine,Caenorhabditis elegans,N2,1 mM,8,,,,25643626,
L-theanine,Theanine,Caenorhabditis elegans,N2,5 mM,10,,,,25643626,
L-theanine,Theanine,Caenorhabditis elegans,N2,10 mM,-15,,,,25643626,
Lysine,,Caenorhabditis elegans,N2,5 mM,8,,,,25643626,
Lysine,,Caenorhabditis elegans,N2,10 mM,6,,,,25643626,
Lysine,,Caenorhabditis elegans,N2,1 mM,7,,,,25643626,
Methionine,,Caenorhabditis elegans,N2,5 mM,8,,,,25643626,
Methionine,,Caenorhabditis elegans,N2,1 mM,4,,,NS,25643626,
N-acetyl-l-histidine,,Caenorhabditis elegans,N2,100 µM,3,,,NS,25643626,
N-acetyl-l-histidine,,Caenorhabditis elegans,N2,10 mM,10,,,NS,25643626,
Ornithine,,Caenorhabditis elegans,N2,100 µM,3,,,NS,25643626,
N-acetyl-l-histidine,,Caenorhabditis elegans,N2,1 mM,12,,,,25643626,
Ornithine,,Caenorhabditis elegans,N2,1 mM,8,,,,25643626,
Ornithine,,Caenorhabditis elegans,N2,10 mM,-10,,,,25643626,
Methionine,,Caenorhabditis elegans,N2,10 mM,14,,,,25643626,
Phosphoenolpyruvate,,Caenorhabditis elegans,N2,1 mM,12,,,,25643626,
Phosphoenolpyruvate,,Caenorhabditis elegans,N2,10 mM,8,,,,25643626,
Picolinic acid,,Caenorhabditis elegans,N2,1 mM,7,,,,25643626,
Phosphoenolpyruvate,,Caenorhabditis elegans,N2,5 mM,12,,,,25643626,
Proline,L-proline,Caenorhabditis elegans,N2,1 mM,17,,,,25643626,
Proline,L-proline,Caenorhabditis elegans,N2,5 mM,8,,,,25643626,
Proline,L-proline,Caenorhabditis elegans,N2,5 mM,19,,,,25643626,
Putrescine,,Caenorhabditis elegans,N2,1 mM,10,,,,25643626,
Putrescine,,Caenorhabditis elegans,N2,10 mM,-13,,,,25643626,
Ribose,,Caenorhabditis elegans,N2,1 mM,9,,,,25643626,
Putrescine,,Caenorhabditis elegans,N2,100 µM,1,,,NS,25643626,
Ribose,,Caenorhabditis elegans,N2,5 mM,9,,,,25643626,
Proline,L-proline,Caenorhabditis elegans,N2,10 mM,18,,,,25643626,
Ribose,,Caenorhabditis elegans,N2,10 mM,1,,,NS,25643626,
Serine,L-serine,Caenorhabditis elegans,N2,10 mM,9,,,,25643626,
Serine,,Caenorhabditis elegans,N2,1 mM,8,,,,25643626,
Serine,,Caenorhabditis elegans,N2,5 mM,18,,,,25643626,
Succinate,,Caenorhabditis elegans,N2,10 mM,4,,,NS,25643626,
Succinate,,Caenorhabditis elegans,N2,5 mM,10,,,,25643626,
Serine,,Caenorhabditis elegans,N2,10 mM,22,,,,25643626,
Succinate,,Caenorhabditis elegans,N2,1 mM,11,,,,25643626,
Taurine,,Caenorhabditis elegans,N2,1 mM,11,,,,25643626,
Taurine,,Caenorhabditis elegans,N2,5 mM,6,,,,25643626,
Taurine,,Caenorhabditis elegans,N2,10 mM,-4,,,,25643626,
Threonine,,Caenorhabditis elegans,N2,5 mM,3,,,NS,25643626,
Tryptophan,,Caenorhabditis elegans,N2,1 mM,14,,,,25643626,
Threonine,,Caenorhabditis elegans,N2,10 mM,8,,,,25643626,
Threonine,,Caenorhabditis elegans,N2,1 mM,0,,,,25643626,
Tryptophan,,Caenorhabditis elegans,N2,5 mM,6,,,,25643626,
Tryptophan,,Caenorhabditis elegans,N2,1 mM,9,,,,25643626,
Tryptophan,,Caenorhabditis elegans,N2,10 mM,1,,,NS,25643626,
Tyrosine,,Caenorhabditis elegans,N2,10 mM,2,,,NS,25643626,
Tyrosine,,Caenorhabditis elegans,N2,1 mM,10,,,,25643626,
Tyrosine,,Caenorhabditis elegans,N2,5 mM,5,,,,25643626,
Valine,,Caenorhabditis elegans,N2,1 mM,13,,,NS,25643626,
Valine,,Caenorhabditis elegans,N2,5 mM,8,,,,25643626,
Valine,,Caenorhabditis elegans,N2,10 mM,-1,,,,25643626,
Xylose,,Caenorhabditis elegans,N2,10 mM,6,,,,25643626,
Rifampicin,,Caenorhabditis elegans,N2,5 µM,42.6,,,,25720500,
Rifampicin,,Caenorhabditis elegans,N2,1 µM,34.8,,,,25720500,
Rifampicin,,Caenorhabditis elegans,N2,50 µM,37.9,,,,25720500,
Rifampicin,,Caenorhabditis elegans,N2,200 µM,43.4,,,,25720500,
Rifampicin,,Caenorhabditis elegans,N2,100 µM,49.2,,,,25720500,
Rifampicin,,Caenorhabditis elegans,N2,10 µM,45.3,,,,25720500,
Rifampicin,,Caenorhabditis elegans,N2,20 µM,50.8,,,,25720500,
Rifampicin,,Caenorhabditis elegans,N2,50 µM,45.4,,,,25720500,
Rifampicin,,Caenorhabditis elegans,N2,50 µM,55.8,,,,25720500,
Rifampicin,,Caenorhabditis elegans,N2,30 µM,56.1,,,,25720500,
Rifamycin SV,,Caenorhabditis elegans,N2,50 µM,20.9,,,,25720500,
10-hydroxy-2-decenoic Acid,,Caenorhabditis elegans,N2,25 µM,10,14,,,25789174,
Aspirin,,Acheta domesticus,,2.263x10^4 g aspirin/g food,49,,Female,,25833406,
Aspirin,,Acheta domesticus,,2.263x10^4 g aspirin/g food,77,,Male,,25833406,
Aspirin,,Acheta domesticus,,5.65x10^5 g aspirin/g food,67,,Male,,25833406,
Aspirin,,Acheta domesticus,,5.65x10^5 g aspirin/g food,52,,Female,,25833406,
Aspirin,,Acheta domesticus,,5.65x10^5 g aspirin/g food,134,,,,25833406,
Metformin,,Acheta domesticus,,1.78x10^3 g metformin/g diet,39,,Male,,25833406,
Metformin,,Acheta domesticus,,1.78x10^3 g metformin/g diet,79,,,,25833406,
Curcumin,,Caenorhabditis elegans,N2,100 µM,22.5,,,,25959406,
Aspirin,,Acheta domesticus,,2.263x10^4 g aspirin/g food,111,,,,25833406,
Recombinant buckwheat trypsin inhibitor,,Caenorhabditis elegans,N2,5 uM,15.6,,,,25959406,
Garlic extract,Allium sativum,Caenorhabditis elegans,N2,50 ppm,21,,,,25940980,
Recombinant buckwheat trypsin inhibitor,,Caenorhabditis elegans,N2,2.5 uM,7.5,,,,25959406,
Soybean trypsin inhibitor,,Caenorhabditis elegans,N2,5 uM,8.7,,,,25959406,
Dehydroabietic acid ,,Caenorhabditis elegans,N2,50 µM,4.8,8.3,,NS,25976661,
Soybean trypsin inhibitor,,Caenorhabditis elegans,N2,10 uM,10.4,,,,25959406,
Recombinant buckwheat trypsin inhibitor,,Caenorhabditis elegans,N2,10 uM,23.7,,,,25959406,
Dehydroabietic acid ,,Caenorhabditis elegans,N2,1 µM,10.3,16.7,,,25976661,
Dehydroabietic acid ,,Caenorhabditis elegans,N2,10 µM,11.8,18.1,,,25976661,
Dehydroabietic acid ,,Caenorhabditis elegans,N2,10 µM,12.8,20,,,25976661,
Dehydroabietic acid ,,Caenorhabditis elegans,N2,10 µM,15.5,16.7,,,25976661,
Resveratrol,,Caenorhabditis elegans,N2,50 µM,15.4,14.3,,,25976661,
Resveratrol,,Caenorhabditis elegans,N2,10 µM,12.8,9.1,,,25976661,
N-acetyl-L-cysteine,NAC,Caenorhabditis elegans,N2 CGCb strain,2 mM,5.2,9.5,,NS,26039957,
Resveratrol,,Caenorhabditis elegans,N2,1 µM,6.3,9.1,,NS,25976661,
N-acetyl-L-cysteine,NAC,Caenorhabditis elegans,N2 CGCb strain,1 mM,6.1,9.5,,NS,26039957,
N-acetyl-L-cysteine,NAC,Caenorhabditis elegans,N2 CGCb strain,2 mM,27.1,23.5,,,26039957,
N-acetyl-L-cysteine,NAC,Caenorhabditis elegans,N2 CGCb strain,1 mM,28.1,17.6,,,26039957,
N-acetyl-L-cysteine,NAC,Caenorhabditis elegans,N2 CGCb strain,5 mM,14.6,19,,NS,26039957,
N-acetyl-L-cysteine,NAC,Caenorhabditis elegans,N2 CGCb strain,5 mM,30.5,47.1,,,26039957,
Otophylloside B,,Caenorhabditis elegans,N2,50 µM,30,,,,26112394,
Trametinib,,Drosophila melanogaster,white Dahomey,15.6 µM,12,,,,26119340,
Beta-Guanidinopropionic acid,,Drosophila melanogaster,w1118,900 mM,9.1,,Male,,26120775,
Beta-Guanidinopropionic acid,,Drosophila melanogaster,w1118,900 mM,13.3,,Female,,26120775,
Curcumin,,Drosophila melanogaster,Ra,100 mM,25.5,0,Female,,26136617,
Curcumin,,Drosophila melanogaster,Ra,100 mM,-17,-3,Female,,26136617,
Curcumin,,Drosophila melanogaster,Ra,100 mM,-23.4,,Female,,26136617,
Sodium butyrate,,Drosophila melanogaster,Ra,10 mM,14.6,9.1,Female,,26136617,
Sodium butyrate,,Drosophila melanogaster,Ra,10 mM,8.3,12,Female,,26136617,
(Iso)lappaol A,,Caenorhabditis elegans,N2,100 uM,11.2,,,,26141518,
Curcumin,,Drosophila melanogaster,Ra,100 mM,46.8,38,Female,,26136617,
Arctigenin,,Caenorhabditis elegans,N2,10 uM,6.7,,,,26141518,
Arctigenin,,Caenorhabditis elegans,N2,100 uM,13.7,,,,26141518,
Arctiin,,Caenorhabditis elegans,N2,10 uM,8.9,,,,26141518,
Arctiin,,Caenorhabditis elegans,N2,100 uM,15.3,,,,26141518,
Lappaol C,,Caenorhabditis elegans,N2,10 uM,11.3,,,,26141518,
Matairesinol,,Caenorhabditis elegans,N2,10 uM,14,,,,26141518,
Matairesinol,,Caenorhabditis elegans,N2,100 uM,25,,,,26141518,
Lappaol F,,Caenorhabditis elegans,N2,100 uM,12.5,,,,26141518,
Icariin,,Mus musculus,C57BL/6J,0.02% in food,4,3,Male,,26145038,
Cranberry anthocyanin extract,,Drosophila melanogaster,Oregon-R-C,5 mg/ml,6.3,0,,,26159161,
Icariin,,Mus musculus,C57BL/6J,0.06% in food,8,6,Male,,26145038,
Cranberry anthocyanin extract,,Drosophila melanogaster,Oregon-R-C,20 mg/ml,10.4,5.1,,,26159161,
Verminoside,,Caenorhabditis elegans,N2,50 uM,8.5,,,,26189547,
Verminoside,,Caenorhabditis elegans,N2,25 uM,20.8,,,,26189547,
Verminoside,,Caenorhabditis elegans,N2,5 uM,9.8,,,,26189547,
(R)-2-hydroxyglutarate,,Caenorhabditis elegans,,8 mM,42.9,,,,26190651,
(S)-2-hydroxyglutarate,,Caenorhabditis elegans,,8 mM,31.8,,,,26190651,
Alpha-ketoglutarate,,Caenorhabditis elegans,,8 mM,47.9,,,,26190651,
Cordyceps sinensis oral liquid,,Drosophila melanogaster,Oregon-K,0.20 mg/ml ,32,15.4,Male,,26239097,
Mianserin,,Caenorhabditis elegans,N2,50 µM ,28.3,46,,,26255886,
Lappaol C,,Caenorhabditis elegans,N2,100 uM,11.5,,,,26141518,
Panax notoginseng main root polysaccharide,,Caenorhabditis elegans,N2,0.1 mg/ml,21,,,,26234580,
Fucoxanthin,,Caenorhabditis elegans,N2,5 µM,14,24,,,26292053,
Epigallocatechin-3-gallate,EGCG,Drosophila melanogaster,,10 mg/ml,15.7,,,,26375250,
Acacetin 7-O-alpha-l-rhamnopyranosyl (1_2) beta-D-xylopyranoside ,,Caenorhabditis elegans,N2,50 µM,17,,,,26433219,
Acacetin 7-O-alpha-l-rhamnopyranosyl (1_2) beta-D-xylopyranoside ,,Caenorhabditis elegans,N2,25 µM,17.3,,,,26433219,
Acacetin 7-O-alpha-l-rhamnopyranosyl (1_2) beta-D-xylopyranoside ,,Caenorhabditis elegans,N2,5 µM,10.1,,,,26433219,
Rhodiola rosea,,Bombyx mori,N4,,1.5,1.6,Male,,26497336,
Rhodiola rosea,,Bombyx mori,N4,,2.7,2.7,Female,,26497336,
Vitexin,,Caenorhabditis elegans,N2,50 µM,8,5.3,,,26535084,
Vitexin,,Caenorhabditis elegans,N2,100 µM,17.2,10.5,,,26535084,
Folic acid,,Caenorhabditis elegans,N2,50 µM,0.2,,,NS,26546011,
Acacetin 7-O-alpha-l-rhamnopyranosyl (1_2) beta-D-xylopyranoside ,,Caenorhabditis elegans,N2,25 µM,39,,,,26433219,
Folic acid,,Caenorhabditis elegans,N2,10 µM,17.1,,,,26546011,
Acacetin 7-O-alpha-l-rhamnopyranosyl (1_2) beta-D-xylopyranoside ,,Caenorhabditis elegans,N2,,5.8,,,,26433219,
Folic acid,,Caenorhabditis elegans,N2,25 µM,26.6,,,,26546011,
Geldanamycin,,Caenorhabditis elegans,N2,20 µM,2,,,,26676933,
Folic acid,,Caenorhabditis elegans,N2,25 µM,15,,,,26546011,
Rapamycin,,Caenorhabditis elegans,N2,10 µM,18.9,,,,26676933,
LY-294002,,Caenorhabditis elegans,N2,100 µM,20.9,,,,26676933,
Caffeine,,Caenorhabditis elegans,N2,60 mM,-96,,,,26696878,
Caffeine,,Caenorhabditis elegans,N2,45 mM,-92,,,,26696878,
Allantoin,,Caenorhabditis elegans,N2,250 µM,21.9,,,,26676933,
Trichostatin A,,Caenorhabditis elegans,N2,100 µM,22.1,,,,26676933,
Caffeine,,Caenorhabditis elegans,N2,30 mM,-60,,,,26696878,
Caffeine,,Caenorhabditis elegans,N2,5 mM,0,,,NS,26696878,
Caffeine,,Caenorhabditis elegans,N2,15 mM,24,,,,26696878,
Caffeine,,Caenorhabditis elegans,N2,5 mM,8,,,,26696878,
Caffeine,,Caenorhabditis elegans,N2,5 mM,35,,,,26696878,
Caffeine,,Caenorhabditis elegans,N2,5 mM,0,,,NS,26696878,
Caffeine,,Caenorhabditis elegans,N2,5 mM,65,,,,26696878,
